Keyword,Volume,Competition,CPC
Dachdecker Köln,1300,MEDIUM,2.11
Zimmermann Köln,1300,LOW,0.8
Dachdecker Dortmund,1300,MEDIUM,2.65
Dachdecker Bochum,1000,MEDIUM,1.31
Dachdeckermeister Bochum,1000,MEDIUM,1.31
Dachdecker München,1000,LOW,2.81
Dachdeckermeister München,1000,LOW,2.81
Dachdecker Hamburg,1000,MEDIUM,4.73
Dachdecker Düsseldorf,880,MEDIUM,2.01
Dachdecker Essen,880,MEDIUM,2.64
Dachdecker Duisburg,880,MEDIUM,1.92
Dachdecker Bonn,720,MEDIUM,2.14
Dachdecker Stuttgart,720,LOW,1.86
Dachdecker Kiel,720,MEDIUM,3.05
Zimmerei München,590,LOW,1.5
Zimmerer München,590,LOW,1.5
Dachdecker Lübeck,590,MEDIUM,2.19
Zimmerei Hamburg,590,LOW,1.93
Zimmerer Hamburg,590,LOW,1.93
Dachdecker Karlsruhe,590,LOW,1.57
Dachdecker Mannheim,590,MEDIUM,3.32
Dachdecker Leipzig,590,LOW,2.03
Zimmerei Köln,480,LOW,1.17
Zimmerer Köln,480,LOW,1.17
Dachdecker Augsburg,480,MEDIUM,5.06
Dachdecker Dresden,480,LOW,0.95
Dachdecker Leverkusen,390,MEDIUM,2.08
Dachdecker Bergisch Gladbach,390,MEDIUM,1.88
Dachdeckermeister Bergisch Gladbach,390,MEDIUM,1.88
Zimmermann Hamburg,390,LOW,1.31
Zimmermann Karlsruhe,390,LOW,
Dachdecker Chemnitz,390,LOW,0.94
Zimmermann München,320,HIGH,1.12
Dachdecker Freiburg,320,LOW,1.29
Dachdecker Heidelberg,320,MEDIUM,2.11
Zimmerei Leipzig,320,LOW,1.03
Zimmerer Leipzig,320,LOW,1.03
Holzbau Hamburg,260,LOW,2.23
Holzbau Halle,260,HIGH,1.01
Dachdecker Ludwigsburg,210,MEDIUM,1.22
Holzbau München,210,MEDIUM,2.08
Zimmerei Lübeck,210,LOW,1.88
Zimmerei Kiel,210,LOW,2.96
Zimmerer Lübeck,210,LOW,1.88
Zimmerer Kiel,210,LOW,2.96
Flachdachabdichtung Hamburg,210,MEDIUM,6.13
Zimmerei Freiburg,210,LOW,1.14
Zimmerer Freiburg,210,LOW,1.14
Holzbau Karlsruhe,210,LOW,1.09
Holzbau Leipzig,210,LOW,0.81
Holzbau Köln,170,MEDIUM,1.45
Dachdecker Ingolstadt,170,LOW,1.56
Zimmerei Karlsruhe,170,LOW,1.06
Zimmerer Karlsruhe,170,LOW,1.06
Dachdecker Halle,170,LOW,2.08
Zimmerei Dresden,170,LOW,1.19
Zimmerer Dresden,170,LOW,1.19
Dachdecker Esslingen,140,MEDIUM,1.76
Dachreparatur München,140,LOW,1.44
Zimmerei Augsburg,140,LOW,1.84
Zimmerer Augsburg,140,LOW,1.84
Holzbau Augsburg,140,LOW,1
Zimmermann Freiburg,140,LOW,
Zimmermann Halle,140,LOW,0.54
Zimmerei Stuttgart,110,LOW,1.46
Zimmerer Stuttgart,110,LOW,1.46
Holzbau Stuttgart,110,LOW,1.56
Zimmermann Heidelberg,110,LOW,
Holzbau Dresden,110,MEDIUM,0.79
Dachsanierung Stuttgart,90,MEDIUM,3.17
Zimmermann Stuttgart,90,LOW,0.65
Dachdecker Freising,90,LOW,1.99
Dachdecker Dachau,90,LOW,3.28
Zimmermann Augsburg,90,LOW,
Holzbau Freising,90,LOW,
Holzbau Kiel,90,LOW,0.52
Zimmermann Mannheim,90,LOW,
Holzbau Freiburg,90,LOW,1.64
Holzbau Mannheim,90,MEDIUM,1
Zimmermann Leipzig,90,LOW,
Zimmermann Dresden,90,LOW,1.77
Zimmerei Bonn,70,MEDIUM,2.21
Zimmermann Bonn,70,LOW,
Zimmerer Bonn,70,MEDIUM,2.21
Holzbau Bonn,70,LOW,1.93
Dachdecker Böblingen,70,MEDIUM,0.77
Dachdecker Sindelfingen,70,MEDIUM,1.39
Holzbau Ludwigsburg,70,LOW,1.43
Dachsanierung München,70,MEDIUM,6.12
Zimmermann Lübeck,70,LOW,1.41
Holzbau Lübeck,70,MEDIUM,1.56
Zimmerei Chemnitz,70,LOW,2.53
Zimmerer Chemnitz,70,LOW,2.53
Holzbau Chemnitz,70,MEDIUM,0.64
Dachdecker Köln Porz,50,MEDIUM,3.23
Dachreparatur Düsseldorf,50,LOW,
Holzbau Esslingen,50,LOW,0.91
Dachsanierung Augsburg,50,MEDIUM,6.87
Zimmerei Freising,50,LOW,0.72
Zimmerei Dachau,50,MEDIUM,0.93
Zimmerer Freising,50,LOW,0.72
Zimmerer Dachau,50,MEDIUM,0.93
Dach sanieren Hamburg,50,HIGH,9.08
Dachsanierung Hamburg,50,HIGH,9.08
Zimmermann Kiel,50,LOW,
Zimmerei Mannheim,50,LOW,1.78
Zimmerei Heidelberg,50,MEDIUM,0.9
Zimmerer Mannheim,50,LOW,1.78
Zimmerer Heidelberg,50,MEDIUM,0.9
Zimmerei Halle,50,LOW,0.93
Dachdecker Köln Ehrenfeld,40,HIGH,0.93
Dachdeckermeister Köln,40,HIGH,
Dachdeckermeister Düsseldorf,40,LOW,5.08
Dachdecker Stuttgart Vaihingen,40,MEDIUM,1.16
Dachsanierung Ludwigsburg,40,LOW,2.58
Zimmerei Ludwigsburg,40,LOW,1.33
Zimmerei Esslingen,40,LOW,0.77
Zimmermann Esslingen,40,LOW,1.03
Zimmerer Ludwigsburg,40,LOW,1.33
Zimmerer Esslingen,40,LOW,0.77
Zimmerei Ingolstadt,40,LOW,0.87
Holzbau Ingolstadt,40,MEDIUM,4.21
Dachsanierung Freiburg,40,LOW,1.73
Holzbau Heidelberg,40,MEDIUM,1.04
Zimmermann Chemnitz,40,LOW,
Zimmerei Leverkusen,30,MEDIUM,1.28
Zimmerei Bergisch Gladbach,30,LOW,0.83
Zimmermann Leverkusen,30,LOW,
Zimmermann Bergisch Gladbach,30,LOW,2.05
Zimmerer Leverkusen,30,MEDIUM,1.28
Zimmerer Bergisch Gladbach,30,LOW,0.83
Dachausbau Leverkusen,30,LOW,
Dachdecker Düsseldorf Oberkassel,30,LOW,
Dachdecker Notdienst Düsseldorf,30,LOW,24.4
Dachsanierung Düsseldorf,30,LOW,4.59
Zimmermann Ludwigsburg,30,LOW,
Zimmermann Sindelfingen,30,LOW,8.36
Dachdecker Hamburg Wandsbek,30,HIGH,7.42
Dachdecker Notdienst Hamburg,30,MEDIUM,13.78
Dachsanierung Mannheim,30,LOW,
Dachdecker Köln Mülheim,20,MEDIUM,0.68
Dachdecker Köln Rodenkirchen,20,MEDIUM,3.46
Zimmerei Köln Deutz,20,MEDIUM,0.5
Holzbau Leverkusen,20,LOW,0.27
Holzbau Bergisch Gladbach,20,LOW,0.28
Dachausbau Köln,20,MEDIUM,
Dachdecker Dortmund Hörde,20,MEDIUM,1.61
Dachdeckermeister Essen,20,LOW,
Dachsanierung Bochum,20,HIGH,1.27
Dach erneuern Bochum,20,,
Flachdachabdichtung Essen,20,LOW,
Zimmerei Böblingen,20,LOW,3.24
Zimmermann Böblingen,20,LOW,1.3
Zimmerer Böblingen,20,LOW,3.24
Dachdecker München Pasing,20,HIGH,1.97
Zimmermann Ingolstadt,20,LOW,
Zimmerer Ingolstadt,20,LOW,1.05
Dachdecker Karlsruhe Durlach,20,LOW,0.53
Dachdecker Köln Nippes,10,MEDIUM,1.03
Dachdecker Köln Deutz,10,MEDIUM,0.95
Dachdeckermeister Bonn,10,LOW,
Dachdeckermeister Leverkusen,10,LOW,
Dachdecker Betrieb Köln,10,LOW,
Dachdecker Notdienst Köln,10,HIGH,
Dachdecker Notdienst Bonn,10,MEDIUM,
Dachdecker Notdienst Leverkusen,10,MEDIUM,
Dachreparatur Köln,10,LOW,1.42
Dachreparatur Bonn,10,LOW,
Dachsanierung Köln,10,LOW,5.17
Dachsanierung Bonn,10,LOW,4.69
Dachsanierung Bergisch Gladbach,10,,
Carport Holz Köln,10,,
Carport Holz Bonn,10,HIGH,
Carport Holz Bergisch Gladbach,10,,
Terrassenüberdachung Holz Köln,10,HIGH,2.77
Dachausbau Bonn,10,MEDIUM,2.47
Dachausbau Bergisch Gladbach,10,,
Dachdecker Düsseldorf Pempelfort,10,,
Dachdecker Düsseldorf Gerresheim,10,HIGH,2.14
Dachdecker Essen Rüttenscheid,10,MEDIUM,0.89
Dachdeckermeister Dortmund,10,LOW,0.9
Dachdeckermeister Duisburg,10,MEDIUM,1.01
Dachdecker Notdienst Essen,10,LOW,1.27
Dachdecker Notdienst Dortmund,10,MEDIUM,0.52
Dachdecker Notdienst Bochum,10,HIGH,0.64
Dachdecker Notdienst Duisburg,10,MEDIUM,2.78
Dachsanierung Essen,10,LOW,
Dachsanierung Dortmund,10,LOW,1.05
Dachsanierung Duisburg,10,LOW,
Dacheindeckung Essen,10,,
Dachausbau Düsseldorf,10,LOW,
Dachausbau Essen,10,,
Dachausbau Dortmund,10,MEDIUM,
Dachausbau Bochum,10,MEDIUM,2.06
Dachausbau Duisburg,10,HIGH,5.03
Dachdecker Stuttgart Bad Cannstatt,10,MEDIUM,1.32
Dachdecker Stuttgart Zuffenhausen,10,MEDIUM,1.18
Dachdecker Stuttgart Feuerbach,10,MEDIUM,0.39
Dachdecker Stuttgart Möhringen,10,HIGH,0.5
Dachdeckermeister Stuttgart,10,HIGH,1.26
Dachdecker Notdienst Stuttgart,10,MEDIUM,10.73
Dachreparatur Stuttgart,10,HIGH,1.69
Dachsanierung Esslingen,10,MEDIUM,2.91
Dach undicht Stuttgart,10,LOW,
Zimmerei Sindelfingen,10,LOW,0.97
Zimmerei Stuttgart Möhringen,10,,
Zimmerer Sindelfingen,10,LOW,0.97
Holzbau Böblingen,10,LOW,0.54
Holzbau Sindelfingen,10,LOW,
Holzbau Stuttgart Bad Cannstatt,10,,
Holzbau Stuttgart Möhringen,10,,
Carport Holz Stuttgart,10,HIGH,
Dachdecker München Moosach,10,HIGH,
Dachdecker Notdienst München,10,LOW,
Dachdecker Notdienst Augsburg,10,,
Dachsanierung Ingolstadt,10,MEDIUM,2.28
Dachsanierung Freising,10,MEDIUM,
Dachsanierung Dachau,10,MEDIUM,2.57
Dacheindeckung München,10,,
Dachfenster einbauen München,10,,
Zimmerei München Schwabing,10,,
Holzbau Dachau,10,LOW,1.17
Carport bauen lassen München,10,,
Carport Holz München,10,HIGH,2.81
Terrassenüberdachung Holz München,10,LOW,2.01
Dachdecker Hamburg Altona,10,HIGH,5.03
Dachdecker Hamburg Harburg,10,HIGH,3.78
Dachdecker Hamburg Bergedorf,10,MEDIUM,2.83
Dachdecker Hamburg Rahlstedt,10,MEDIUM,5.16
Dachdecker Hamburg Blankenese,10,HIGH,
Dachdecker Hamburg Barmbek,10,LOW,1.52
Dachdeckermeister Hamburg,10,MEDIUM,1.92
Dachdeckermeister Lübeck,10,MEDIUM,
Dachdeckermeister Kiel,10,LOW,1.3
Dachdecker Notdienst Lübeck,10,,
Dachdecker Notdienst Kiel,10,,
Dachreparatur Hamburg,10,MEDIUM,
Dachsanierung Lübeck,10,MEDIUM,3.86
Dachsanierung Kiel,10,LOW,
Dachsanierung Kosten Hamburg,10,,
Dacheindeckung Hamburg,10,,
Carport Holz Hamburg,10,HIGH,2.65
Carport Holz Kiel,10,,
Terrassenüberdachung Holz Hamburg,10,HIGH,5.16
Dachdeckermeister Karlsruhe,10,LOW,
Dachdecker Notdienst Karlsruhe,10,,
Dachdecker Notdienst Mannheim,10,,
Dachsanierung Karlsruhe,10,MEDIUM,3.77
Dachsanierung Heidelberg,10,HIGH,3.93
Dacheindeckung Karlsruhe,10,,
Dachausbau Karlsruhe,10,HIGH,
Dachausbau Mannheim,10,MEDIUM,0.9
Dachausbau Heidelberg,10,MEDIUM,2.41
Carport Holz Karlsruhe,10,,
Dachdeckermeister Leipzig,10,LOW,2.83
Dachdeckermeister Dresden,10,LOW,
Dachdeckermeister Chemnitz,10,,
Dachdecker Notdienst Leipzig,10,LOW,
Dachdecker Notdienst Dresden,10,,
Dachdecker Notdienst Chemnitz,10,,
Dachreparatur Leipzig,10,MEDIUM,
Dachreparatur Dresden,10,MEDIUM,
Dachsanierung Leipzig,10,HIGH,0.68
Dachsanierung Dresden,10,MEDIUM,
Dachsanierung Chemnitz,10,MEDIUM,1.31
Dacheindeckung Halle,10,HIGH,
Carport Holz Chemnitz,10,,
Terrassenüberdachung Holz Leipzig,10,LOW,
Dachausbau Leipzig,10,,
Dachausbau Dresden,10,,
