"Keyword","Avg. Search Volume (Last Known Values)","Avg. Search Volume (Last 12 months)","Avg. Search Volume (Last 6 months)","Avg. Search Volume (Last 3 months)","Location","CPC/USD","PPC","Keyword Difficulty","Keyword interest growth (%)","Content Type","Search Intent","Keyword Opportunities","Serp Features","Search Volume 10/2015","Search Volume 11/2015","Search Volume 12/2015","Search Volume 1/2016","Search Volume 2/2016","Search Volume 3/2016","Search Volume 4/2016","Search Volume 5/2016","Search Volume 6/2016","Search Volume 7/2016","Search Volume 8/2016","Search Volume 9/2016","Search Volume 10/2016","Search Volume 11/2016","Search Volume 12/2016","Search Volume 1/2017","Search Volume 2/2017","Search Volume 3/2017","Search Volume 4/2017","Search Volume 5/2017","Search Volume 6/2017","Search Volume 7/2017","Search Volume 8/2017","Search Volume 9/2017","Search Volume 10/2017","Search Volume 11/2017","Search Volume 12/2017","Search Volume 1/2018","Search Volume 2/2018","Search Volume 3/2018","Search Volume 4/2018","Search Volume 5/2018","Search Volume 6/2018","Search Volume 7/2018","Search Volume 8/2018","Search Volume 9/2018","Search Volume 10/2018","Search Volume 11/2018","Search Volume 12/2018","Search Volume 1/2019","Search Volume 2/2019","Search Volume 3/2019","Search Volume 4/2019","Search Volume 5/2019","Search Volume 6/2019","Search Volume 7/2019","Search Volume 8/2019","Search Volume 9/2019","Search Volume 10/2019","Search Volume 11/2019","Search Volume 12/2019","Search Volume 1/2020","Search Volume 2/2020","Search Volume 3/2020","Search Volume 4/2020","Search Volume 5/2020","Search Volume 6/2020","Search Volume 7/2020","Search Volume 8/2020","Search Volume 9/2020","Search Volume 10/2020","Search Volume 11/2020","Search Volume 12/2020","Search Volume 1/2021","Search Volume 2/2021","Search Volume 3/2021","Search Volume 4/2021","Search Volume 5/2021","Search Volume 6/2021","Search Volume 7/2021","Search Volume 8/2021","Search Volume 9/2021","Search Volume 10/2021","Search Volume 11/2021","Search Volume 12/2021","Search Volume 1/2022","Search Volume 2/2022","Search Volume 3/2022","Search Volume 4/2022","Search Volume 5/2022","Search Volume 6/2022","Search Volume 7/2022","Search Volume 8/2022","Search Volume 9/2022","Search Volume 10/2022","Search Volume 11/2022","Search Volume 12/2022","Search Volume 1/2023","Search Volume 2/2023","Search Volume 3/2023","Search Volume 4/2023","Search Volume 5/2023","Search Volume 6/2023","Search Volume 7/2023","Search Volume 8/2023","Search Volume 9/2023","Search Volume 10/2023","Search Volume 11/2023","Search Volume 12/2023","Search Volume 1/2024","Search Volume 2/2024","Search Volume 3/2024","Search Volume 4/2024","Search Volume 5/2024","Search Volume 6/2024","Search Volume 7/2024","Search Volume 8/2024","Search Volume 9/2024","Search Volume 10/2024","Search Volume 11/2024","Search Volume 12/2024","Search Volume 1/2025","Search Volume 2/2025","Search Volume 3/2025","Search Volume 4/2025","Search Volume 5/2025","Search Volume 6/2025","Search Volume 7/2025","Search Volume 8/2025","Search Volume 9/2025","Search Volume 10/2025","Search Volume 11/2025","Search Volume 12/2025","Search Volume 1/2026","Search Volume 2/2026","Search Volume 3/2026"
"pv anbieter",230,210,190,240,"Germany","11.52",68,33,-25,"LISTICLES, HOMEPAGES","","Missing words in title","People Also Ask","","","",20,10,10,20,10,10,10,10,10,10,10,10,20,20,30,10,10,10,10,10,10,10,10,10,10,30,10,10,10,10,10,10,10,20,10,10,30,10,40,10,30,30,50,20,20,20,20,20,40,50,30,30,40,90,30,40,30,50,30,40,40,50,140,110,70,50,140,90,170,170,140,140,260,140,590,260,210,260,390,590,480,390,320,390,390,320,390,320,320,390,320,320,320,320,260,260,260,320,320,260,260,170,210,210,170,210,170,140,320,260,480,390,320,390,210,170,140,210,140,90,210,210,320
"pv anbieter allgäu",,,,,"Germany","",,17,,"HOMEPAGES","","Missing words in title","","","","",,,,,,,,,,,,,,,,,,,,,,,,,,,,,,,,,,,,,,,,,,,,,,,,,,,,,,,,,,,,,,,,,,,,,,,,,,,,,,,,,,,,,,,,,,,,,,,,,,,,,,,,,,,,,,,,,,,,,,,,,,,
"pv anlage anbieter",300,290,260,350,"Germany","13.04",62,25,-37,"HOMEPAGES","","Missing words in title","","","","",,,,,,,,,,,,,,,,,,,,,,,,,,,,,,,,,,,,,,,,,,,,,,,,,,,,,,,,,,,,,,,,,,,,,,,,,1600,1600,2900,2400,1600,1600,2900,2900,2400,1900,1900,1000,1600,1000,1600,1000,1000,880,590,720,590,480,390,320,480,480,390,390,480,320,260,320,260,260,170,170,320,390,480,390,390,320,320,260,320,260,140,140,260,210,590
"pv anlagen anbieter in der nähe",120,110,140,230,"Germany","9.85",66,25,33,"LISTICLES, CORPORATE_BLOG_POSTS","","Missing words in title","","","","",,,,,,,,,,,,,,,,,,,,,,,,,,,,,,,,,,,,,,,,,,,,,,,,,,,,,,,,,,,,,,,,110,70,30,50,40,70,90,140,110,210,170,320,390,170,260,320,480,480,390,390,210,590,480,480,320,260,260,320,260,210,70,140,140,140,210,210,210,110,170,90,70,70,90,70,70,70,110,170,260,70,90,110,50,50,70,70,30,170,210,320
"pv anlage anbieter vergleich",30,30,30,40,"Germany","15.04",83,,-40,"","","","","","","",,,,,,,,,,,,,,,,,,,,,,,,,,,,,,,,,,,,,,,,,,,,,,,,,,,,,,,,,,,,,,,20,20,20,10,20,20,20,40,10,10,40,30,50,40,50,20,70,90,70,50,20,30,20,10,10,10,10,10,20,10,30,40,10,20,20,90,70,110,70,90,70,70,50,70,30,50,70,50,50,30,40,40,40,30,30,40,30,30,50,30,40
"pv anlagen anbieter test",10,10,10,20,"Germany","13.04",81,,-33,"","","","","","","",,,,,,,,,,,,,,,,,,,,,,,,,,,,,,,,,,,,,,,,0,0,0,0,0,0,0,0,0,0,0,0,0,0,0,0,0,0,0,0,0,0,10,10,10,10,10,10,10,30,10,30,10,20,20,40,40,30,30,20,30,40,10,20,10,20,30,90,70,50,50,70,50,90,50,30,40,40,30,30,40,50,40,30,20,30,40,20,10,30,20,30,20,20,20,20,20,20,20,20,10,10,10,40
"pv anlagen anbieter paderborn",,,,,"Germany","",,,,"","","","","","","",,,,,,,,,,,,,,,,,,,,,,,,,,,,,,,,,,,,,,,,,,,,,,,,,,,,,,,,,,,,,,,,,,,,,,,,,,,,,,,,,,,,,,,,,,,,,,,,,,,,,,,,,,,,,,,,,,,,,,,,,,,
"pv anlagen anbieter tirol",,,,,"Germany","",,,,"","","","","","","",,,,,,,,,,,,,,,,,,,,,,,,,,,,,,,,,,,,,,,,,,,,,,,,,,,,,,,,,,,,,,,,,,,,,,,,,,,,,,,,,,,,,,,,,,,,,,,,,,,,,,,,,,,,,,,,,,,,,,,,,,,
"pv anlagen anbieter vorarlberg",,,,,"Germany","",,,,"","","","","","","",,,,,,,,,,,,,,,,,,,,,,,,,,,,,,,,,,,,,,,,,,,,,,,,,,,,,,,,,,,,,,,,,,,,,,,,,,,,,,,,,,,,,,,,,,,,,,,,,,,,,,,,,,,,,,,,,,,,,,,,,,,
"pv anlagen anbieter hamburg",,,,,"Germany","",,,,"","","","","","","",,,,,,,,,,,,,,,,,,,,,,,,,,,,,,,,,,,,,,,,,,,,,,,,,,,,,,,,,,,,,,,,,,,,,,,,,,,,,,,,,,,,,,,,,,,,,,,,,,,,,,,,,,,,,,,,,,,,,,,,,,,
"pv anlagen anbieter oberösterreich",0,10,10,,"Germany","",,,0,"","","","","","","",,,,,,,,,,,,,,,,,,,,,,,,,,,,,,,,,,,,,,,,,,,,,,,,,0,0,0,10,0,10,0,10,10,10,10,0,10,10,10,0,10,10,0,10,10,10,10,10,0,10,10,10,10,10,10,10,10,10,10,0,10,0,0,10,10,0,0,0,0,0,10,10,0,10,10,0,0,0,10,0,0,0,0,0,0,0,0,0,0,0,0,0,0,0,10,0,0,0,0
"pv anlage anbieter deggendorf",,,,,"Germany","",,,,"","","","","","","",,,,,,,,,,,,,,,,,,,,,,,,,,,,,,,,,,,,,,,,,,,,,,,,,,,,,,,,,,,,,,,,,,,,,,,,,,,,,,,,,,,,,,,,,,,,,,,,,,,,,,,,,,,,,,,,,,,,,,,,,,,
"pv anlage anbieter leipzig",,,,,"Germany","",,,,"","","","","","","",,,,,,,,,,,,,,,,,,,,,,,,,,,,,,,,,,,,,,,,,,,,,,,,,,,,,,,,,,,,,,,,,,,,,,,,,,,,,,,,,,,,,,,,,,,,,,,,,,,,,,,,,,,,,,,,,,,,,,,,,,,
"pv anlagen anbieter baden württemberg",,,,,"Germany","",,,,"","","","","","","",,,,,,,,,,,,,,,,,,,,,,,,,,,,,,,,,,,,,,,,,,,,,,,,,,,,,,,,,,,,,,,,,,,,,,,,,,,,,,,,,,,,,,,,,,,,,,,,,,,,,,,,,,,,,,,,,,,,,,,,,,,
"pv anlagen anbieter saarland",10,10,10,10,"Germany","8.84",57,15,-100,"HOMEPAGES","","Missing words in title","","","","",,,,,,,,,,,,,,,,,,,,,,,,,,,,,,,,,,,,,,,,,0,0,0,0,0,0,0,0,0,0,0,0,0,0,0,0,0,0,0,0,0,0,0,10,10,10,10,10,20,30,50,10,70,20,110,50,30,50,50,70,70,40,50,40,30,20,30,20,20,10,10,10,10,10,0,10,10,10,10,10,10,10,10,10,10,0,10,0,10,10,10,0,0,10,10,10,0,10,10,0,10,0,10
"anbieter pv anlage mit speicher",10,10,10,10,"Germany","16.94",71,20,100,"LISTICLES, HOMEPAGES","","Missing words in title","","","","",,,,,,,,,,,,,,,,,,,,,,,,,,,,,,,,,,,,,,,,0,0,0,0,0,0,0,0,0,0,0,0,0,0,0,0,0,0,0,0,0,0,10,0,0,0,0,0,0,0,10,10,10,10,10,10,30,20,30,30,20,50,20,50,20,10,10,10,10,10,10,20,20,50,30,30,10,20,20,10,10,10,10,10,10,10,20,10,0,10,10,10,10,10,10,10,10,10,10,10,10,10,10,10
"pv anbieter bremen",,,,,"Germany","",,,,"","","","","","","",,,,,,,,,,,,,,,,,,,,,,,,,,,,,,,,,,,,,,,,,,,,,,,,,,,,,,,,,,,,,,,,,,,,,,,,,,,,,,,,,,,,,,,,,,,,,,,,,,,,,,,,,,,,,,,,,,,,,,,,,,,
"pv anbieter bielefeld",,,,,"Germany","",,,,"","","","","","","",,,,,,,,,,,,,,,,,,,,,,,,,,,,,,,,,,,,,,,,,,,,,,,,,,,,,,,,,,,,,,,,,,,,,,,,,,,,,,,,,,,,,,,,,,,,,,,,,,,,,,,,,,,,,,,,,,,,,,,,,,,
"pv anbieter berlin",,,,,"Germany","",,,,"","","","","","","",,,,,,,,,,,,,,,,,,,,,,,,,,,,,,,,,,,,,,,,,,,,,,,,,,,,,,,,,,,,,,,,,,,,,,,,,,,,,,,,,,,,,,,,,,,,,,,,,,,,,,,,,,,,,,,,,,,,,,,,,,,
"pv anbieter bamberg",,,,,"Germany","",,,,"","","","","","","",,,,,,,,,,,,,,,,,,,,,,,,,,,,,,,,,,,,,,,,,,,,,,,,,,,,,,,,,,,,,,,,,,,,,,,,,,,,,,,,,,,,,,,,,,,,,,,,,,,,,,,,,,,,,,,,,,,,,,,,,,,
"pv anbieter bayern",10,10,10,10,"Germany","9.05",96,21,0,"HOMEPAGES, LISTICLES","","Missing words in title","","","","",,,,,,,,,,,,,,,,,,,,,,,,,,,,,,,,,,,,,,,,,,,0,0,0,0,0,0,0,0,0,0,0,0,0,0,0,0,0,0,0,10,10,0,0,10,10,10,10,10,10,10,10,10,30,90,10,30,20,30,10,20,70,70,20,10,30,30,20,20,20,30,10,10,10,10,10,10,10,10,10,10,10,10,10,10,10,10,10,10,10,10,10,10,0,10,10,10,10,10,10,10,10
"pv anbieter braunschweig",,,,,"Germany","",,,,"","","","","","","",,,,,,,,,,,,,,,,,,,,,,,,,,,,,,,,,,,,,,,,,,,,,,,,,,,,,,,,,,,,,,,,,,,,,,,,,,,,,,,,,,,,,,,,,,,,,,,,,,,,,,,,,,,,,,,,,,,,,,,,,,,
"pv anbieter burgenland",,,,,"Germany","",,,,"","","","","","","",,,,,,,,,,,,,,,,,,,,,,,,,,,,,,,,,,,,,,,,,,,,,,,,,,,,,,,,,,,,,,,,,,,,,,,,,,,,,,,,,,,,,,,,,,,,,,,,,,,,,,,,,,,,,,,,,,,,,,,,,,,
"pv anlage bester anbieter",,,,,"Germany","",,26,,"LISTICLES","","Missing words in title","Featured Snippet","","","",,,,,,,,,,,,,,,,,,,,,,,,,,,,,,,,,,,,,,,,,,,,,,,,,,,,,,,,,,,,,,,,,,,,,,,,,,,,,,,,,,,,,,,,,,,,,,,,,,,,,,,,,,,,,,,,,,,,,,,,,,,
"beste pv anbieter deutschland",,,,,"Germany","",,,,"","","","","","","",,,,,,,,,,,,,,,,,,,,,,,,,,,,,,,,,,,,,,,,,,,,,,,,,,,,,,,,,,,,,,,,,,,,,,,,,,,,,,,,,,,,,,,,,,,,,,,,,,,,,,,,,,,,,,,,,,,,,,,,,,,
"bester pv anbieter 2024",,,,,"Germany","",,,,"LISTICLES, CORPORATE_BLOG_POSTS","","Missing words in title","","","","",,,,,,,,,,,,,,,,,,,,,,,,,,,,,,,,,,,,,,,,,,,,,,,,,,,,,,,,,,,,,,,,,,,,,,,,,,,,,,,,,,,,,,,,,,,,,,,,,,,,,,,,,,,,,,,,,,,,,,,,,,,
"bewertung pv anbieter",,,,,"Germany","",,,,"","","","","","","",,,,,,,,,,,,,,,,,,,,,,,,,,,,,,,,,,,,,,,,,,,,,,,,,,,,,,,,,,,,,,,,,,,,,,,,,,,,,,,,,,,,,,,,,,,,,,,,,,,,,,,,,,,,,,,,,,,,,,,,,,,
"pv cloud anbieter",10,10,10,10,"Germany","3.08",70,,0,"","","","","","","",,,,,,,,,,,,,,,,,,,,,,,,,,,,,,,,,,,,,,,0,0,0,0,0,0,0,0,0,0,0,0,0,0,0,0,0,0,30,20,30,30,50,50,90,50,10,20,20,20,10,70,90,10,20,30,90,170,170,260,320,70,50,50,30,20,40,10,30,30,30,10,10,10,10,50,10,10,30,20,10,20,10,10,10,10,20,20,10,10,10,10,10,10,10,10,10,10,10,10,10,10,10,10,20
"pv contracting anbieter",,,,,"Germany","",,,,"","","","","","","",,,,,,,,,,,,,,,,,,,,,,,,,,,,,,,,,,,,,,,,,,,,,,,,,,,,,,,,,,,,,,,,,,,,,,,,,,,,,,,,,,,,,,,,,,,,,,,,,,,,,,,,,,,,,,,,,,,,,,,,,,,
"pv anlage anbieter cuxhaven",,,,,"Germany","",,,,"","","","","","","",,,,,,,,,,,,,,,,,,,,,,,,,,,,,,,,,,,,,,,,,,,,,,,,,,,,,,,,,,,,,,,,,,,,,,,,,,,,,,,,,,,,,,,,,,,,,,,,,,,,,,,,,,,,,,,,,,,,,,,,,,,
"pv strom cloud anbieter",10,10,10,10,"Germany","2.15",78,,0,"","","","","","","",,,,,,,,,,,,,,,,,,,,,,,,,,,,,,,,,,,,,,,,0,0,0,0,0,0,0,0,0,0,0,0,0,0,0,0,0,0,0,0,0,0,0,10,10,10,0,10,10,10,0,10,10,10,10,10,10,10,10,20,10,30,40,50,70,30,40,50,20,20,10,10,10,20,10,10,10,10,10,10,10,10,10,10,10,10,10,10,10,10,10,10,10,10,10,20,10,10,10,10,10,10,10,20
"pv anlage cloud anbieter",10,10,,,"Germany","",,,-100,"","","","","","","",,,,,,,,,,,,,,,,,,,,,,,,,,,,,,,,,,,,,,,,0,0,0,0,0,0,0,0,0,0,0,0,0,0,0,0,0,0,0,0,0,0,10,0,0,10,10,10,20,20,10,10,0,10,10,10,20,10,10,10,10,20,20,40,10,10,20,20,40,40,20,0,10,10,10,10,10,10,10,10,10,10,10,0,10,0,10,10,10,10,10,10,0,10,0,10,10,0,0,0,0,0,0,0
"pv anlage community",,,,,"Germany","",,,,"","","","","","","",,,,,,,,,,,,,,,,,,,,,,,,,,,,,,,,,,,,,,,,,,,,,,,,,,,,,,,,,,,,,,,,,,,,,,,,,,,,,,,,,,,,,,,,,,,,,,,,,,,,,,,,,,,,,,,,,,,,,,,,,,,
"pv anbieter vergleich",70,70,80,90,"Germany","12.70",88,26,8,"LISTICLES, YOUTUBE","","Missing words in title","AI Overview, People Also Ask","","","",,,,,,,,,,,,,,,,,,,,,,,,,,,,,,,,,,,,,,,,,,,,,,,,,,,,,,,,,,,,,20,10,10,30,20,30,30,40,30,50,30,30,50,70,90,110,50,50,90,140,110,110,90,70,110,70,90,110,110,90,110,140,170,90,140,90,170,170,170,170,210,170,140,140,140,140,70,40,110,90,110,70,70,50,50,70,70,90,90,70,90,70,110
"pv anbieter deutschland",10,10,10,10,"Germany","9.16",77,27,0,"HOMEPAGES","","Missing words in title","Map Pack","","","",,,,,,,,,,,,,,,,,,,,,,,,,,,,,,,,,,,,,,,,,,,,,10,10,10,10,20,10,10,10,10,10,10,10,10,10,10,10,10,10,20,10,10,10,10,10,20,10,20,20,30,20,70,50,30,10,20,30,30,50,30,10,30,20,30,40,70,30,50,30,30,20,40,40,50,30,50,30,30,30,20,10,20,20,10,10,10,10,10,10,10,10,20,10,10,10,10,10,10,10,10
"pv anbieter düsseldorf",,,,,"Germany","",,,,"","","","","","","",,,,,,,,,,,,,,,,,,,,,,,,,,,,,,,,,,,,,,,,,,,,,,,,,,,,,,,,,,,,,,,,,,,,,,,,,,,,,,,,,,,,,,,,,,,,,,,,,,,,,,,,,,,,,,,,,,,,,,,,,,,
"pv anbieter dortmund",,,,,"Germany","",,,,"","","","","","","",,,,,,,,,,,,,,,,,,,,,,,,,,,,,,,,,,,,,,,,,,,,,,,,,,,,,,,,,,,,,,,,,,,,,,,,,,,,,,,,,,,,,,,,,,,,,,,,,,,,,,,,,,,,,,,,,,,,,,,,,,,
"pv direktvermarktung anbieter",20,20,20,20,"Germany","7.07",76,,0,"","","","","","","",,,,,,,,,,,,,,,,,,,,,,,,,,,,,,,,,,,,,,,,,,,,,,,,,,,,,,,,,,,,,,,,,,,,,,,,,,,,0,0,0,0,0,0,0,0,0,0,50,20,20,40,10,20,20,40,30,20,20,30,10,20,10,10,10,10,10,10,10,10,10,20,20,20,30,20,40,30,20,30,20,20,10,10,20,40
"pv anbieter in der nähe",190,180,180,190,"Germany","9.03",68,22,-3,"LISTICLES","","Missing words in title","","","","",,,,,,,,,,,,,,,,,,,,,,,,,,,,,,,,,,,,,,,,,,,,,,,,,,,,,,,,,,,,,,,,0,0,0,0,10,10,10,10,0,10,10,40,50,70,110,170,140,140,140,110,170,390,480,390,210,90,170,110,170,170,90,30,90,320,210,90,170,260,210,320,140,140,110,140,110,260,210,480,320,170,210,170,170,170,170,210,170,170,140,260
"größte pv anbieter deutschland",,,,,"Germany","",,,,"","","","","","","",,,,,,,,,,,,,,,,,,,,,,,,,,,,,,,,,,,,,,,,,,,,,,,,,,,,,,,,,,,,,,,,,,,,,,,,,,,,,,,,,,,,,,,,,,,,,,,,,,,,,,,,,,,,,,,,,,,,,,,,,,,
"agri pv anbieter deutschland",,,,,"Germany","",,,,"","","","","","","",,,,,,,,,,,,,,,,,,,,,,,,,,,,,,,,,,,,,,,,,,,,,,,,,,,,,,,,,,,,,,,,,,,,,,,,,,,,,,,,,,,,,,,,,,,,,,,,,,,,,,,,,,,,,,,,,,,,,,,,,,,
"pv strom direktvermarktung anbieter",10,20,30,30,"Germany","3.92",65,,100,"","","","","","","",,,,,,,,,,,,,,,,,,,,,,,,,,,,,,,,,,,,,,,,,,,,,,,,,,,,,,,,,,,,,,,,,,,,,,,,,,,,0,0,0,0,0,0,0,0,0,0,0,0,0,0,0,0,0,0,0,0,0,0,0,0,0,0,0,0,0,0,0,0,0,0,0,0,0,0,0,0,20,30,20,30,20,20,40,50
"welcher pv anbieter ist der beste",,,,,"Germany","",,,,"","","","","","","",,,,,,,,,,,,,,,,,,,,,,,,,,,,,,,,,,,,,,,,,,,,,,,,,,,,,,,,,,,,,,,,,,,,,,,,,,,,,,,,,,,,,,,,,,,,,,,,,,,,,,,,,,,,,,,,,,,,,,,,,,,
"größter pv anlagen anbieter deutschland",,,,,"Germany","",,,,"","","","","","","",,,,,,,,,,,,,,,,,,,,,,,,,,,,,,,,,,,,,,,,,,,,,,,,,,,,,,,,,,,,,,,,,,,,,,,,,,,,,,,,,,,,,,,,,,,,,,,,,,,,,,,,,,,,,,,,,,,,,,,,,,,
"pv anbieter essen",,,,,"Germany","",,,,"","","","","","","",,,,,,,,,,,,,,,,,,,,,,,,,,,,,,,,,,,,,,,,,,,,,,,,,,,,,,,,,,,,,,,,,,,,,,,,,,,,,,,,,,,,,,,,,,,,,,,,,,,,,,,,,,,,,,,,,,,,,,,,,,,
"pv einspeisung anbieter wechseln",,,,,"Germany","",,,,"","","","","","","",,,,,,,,,,,,,,,,,,,,,,,,,,,,,,,,,,,,,,,,,,,,,,,,,,,,,,,,,,,,,,,,,,,,,,,,,,,,,,,,,,,,,,,,,,,,,,,,,,,,,,,,,,,,,,,,,,,,,,,,,,,
"pv einspeisung anbieter",,,,,"Germany","",,,,"","","","","","","",,,,,,,,,,,,,,,,,,,,,,,,,,,,,,,,,,,,,,,,,,,,,,,,,,,,,,,,,,,,,,,,,,,,,,,,,,,,,,,,,,,,,,,,,,,,,,,,,,,,,,,,,,,,,,,,,,,,,,,,,,,
"pv strom einspeisen anbieter",,,,,"Germany","",,,,"","","","","","","",,,,,,,,,,,,,,,,,,,,,,,,,,,,,,,,,,,,,,,,,,,,,,,,,,,,,,,,,,,,,,,,,,,,,,,,,,,,,,,,,,,,,,,,,,,,,,,,,,,,,,,,,,,,,,,,,,,,,,,,,,,
"pv anbieter test",10,10,10,10,"Germany","9.70",81,,-33,"","","","","","","",,,,,,,,,,,,,,,,,,,,,,,,,,,,,,,,,,,,,,,0,0,0,0,0,0,0,0,0,0,0,0,0,0,0,0,0,0,0,0,0,0,0,20,40,10,10,20,10,10,10,10,20,10,20,20,50,20,20,10,10,10,10,10,10,10,20,20,10,20,20,10,10,10,40,30,10,10,10,20,30,30,50,30,30,20,20,30,20,10,30,20,30,20,10,10,10,20,20,20,10,10,20,10,20
"pv anbieter testsieger",,,,,"Germany","",,,,"","","","","","","",,,,,,,,,,,,,,,,,,,,,,,,,,,,,,,,,,,,,,,,,,,,,,,,,,,,,,,,,,,,,,,,,,,,,,,,,,,,,,,,,,,,,,,,,,,,,,,,,,,,,,,,,,,,,,,,,,,,,,,,,,,
"pv anbieter freiburg",,,,,"Germany","",,,,"","","","","","","",,,,,,,,,,,,,,,,,,,,,,,,,,,,,,,,,,,,,,,,,,,,,,,,,,,,,,,,,,,,,,,,,,,,,,,,,,,,,,,,,,,,,,,,,,,,,,,,,,,,,,,,,,,,,,,,,,,,,,,,,,,
"pv anbieter finden",,,,,"Germany","",,,,"","","","","","","",,,,,,,,,,,,,,,,,,,,,,,,,,,,,,,,,,,,,,,,,,,,,,,,,,,,,,,,,,,,,,,,,,,,,,,,,,,,,,,,,,,,,,,,,,,,,,,,,,,,,,,,,,,,,,,,,,,,,,,,,,,
"anbieter pv freiflächenanlagen",,,,,"Germany","",,,,"","","","","","","",,,,,,,,,,,,,,,,,,,,,,,,,,,,,,,,,,,,,,,,,,,,,,,,,,,,,,,,,,,,,,,,,,,,,,,,,,,,,,,,,,,,,,,,,,,,,,,,,,,,,,,,,,,,,,,,,,,,,,,,,,,
"pv anlage anbieter finden",,,,,"Germany","",,,,"","","","","","","",,,,,,,,,,,,,,,,,,,,,,,,,,,,,,,,,,,,,,,,,,,,,,,,,,,,,,,,,,,,,,,,,,,,,,,,,,,,,,,,,,,,,,,,,,,,,,,,,,,,,,,,,,,,,,,,,,,,,,,,,,,
"anbieter für pv anlagen",,,,,"Germany","",,,,"","","","","","","",,,,,,,,,,,,,,,,,,,,,,,,,,,,,,,,,,,,,,,,,,,,,,,,,,,,,,,,,,,,,,,,,,,,,,,,,,,,,,,,,,,,,,,,,,,,,,,,,,,,,,,,,,,,,,,,,,,,,,,,,,,
"floating pv anbieter",,,,,"Germany","",,,,"","","","","","","",,,,,,,,,,,,,,,,,,,,,,,,,,,,,,,,,,,,,,,,,,,,,,,,,,,,,,,,,,,,,,,,,,,,,,,,,,,,,,,,,,,,,,,,,,,,,,,,,,,,,,,,,,,,,,,,,,,,,,,,,,,
"freiflächen pv anbieter",,,,,"Germany","",,,,"","","","","","","",,,,,,,,,,,,,,,,,,,,,,,,,,,,,,,,,,,,,,,,,,,,,,,,,,,,,,,,,,,,,,,,,,,,,,,,,,,,,,,,,,,,,,,,,,,,,,,,,,,,,,,,,,,,,,,,,,,,,,,,,,,
"pv anbieter gütersloh",,,,,"Germany","",,,,"","","","","","","",,,,,,,,,,,,,,,,,,,,,,,,,,,,,,,,,,,,,,,,,,,,,,,,,,,,,,,,,,,,,,,,,,,,,,,,,,,,,,,,,,,,,,,,,,,,,,,,,,,,,,,,,,,,,,,,,,,,,,,,,,,
"pv anbieter graz",,,,,"Germany","",,,,"","","","","","","",,,,,,,,,,,,,,,,,,,,,,,,,,,,,,,,,,,,,,,,,,,,,,,,,,,,,,,,,,,,,,,,,,,,,,,,,,,,,,,,,,,,,,,,,,,,,,,,,,,,,,,,,,,,,,,,,,,,,,,,,,,
"pv großanlagen anbieter",10,10,10,10,"Germany","9.41",75,,0,"","","","","","","",,,,,,,,,,,,,,,,,,,,,,,,,,,,,,,,,,,,,,,,,,,,,,,,,,,,,,,,,,,,,,,,,,,,,,,,,,,,0,0,0,0,0,0,0,0,0,0,0,0,10,10,10,10,10,10,10,10,10,10,10,10,10,10,10,10,10,10,10,10,10,10,10,10,10,10,10,10,10,10,10,10,10,10,10,10
"günstigster pv anbieter",,,,,"Germany","",,,,"","","","","","","",,,,,,,,,,,,,,,,,,,,,,,,,,,,,,,,,,,,,,,,,,,,,,,,,,,,,,,,,,,,,,,,,,,,,,,,,,,,,,,,,,,,,,,,,,,,,,,,,,,,,,,,,,,,,,,,,,,,,,,,,,,
"große pv anbieter",,,,,"Germany","",,,,"","","","","","","",,,,,,,,,,,,,,,,,,,,,,,,,,,,,,,,,,,,,,,,,,,,,,,,,,,,,,,,,,,,,,,,,,,,,,,,,,,,,,,,,,,,,,,,,,,,,,,,,,,,,,,,,,,,,,,,,,,,,,,,,,,
"gute pv anbieter",,,,,"Germany","",,,,"","","","","","","",,,,,,,,,,,,,,,,,,,,,,,,,,,,,,,,,,,,,,,,,,,,,,,,,,,,,,,,,,,,,,,,,,,,,,,,,,,,,,,,,,,,,,,,,,,,,,,,,,,,,,,,,,,,,,,,,,,,,,,,,,,
"größte pv anbieter",,,,,"Germany","",,,,"","","","","","","",,,,,,,,,,,,,,,,,,,,,,,,,,,,,,,,,,,,,,,,,,,,,,,,,,,,,,,,,,,,,,,,,,,,,,,,,,,,,,,,,,,,,,,,,,,,,,,,,,,,,,,,,,,,,,,,,,,,,,,,,,,
"pv anlage günstiger anbieter",,,,,"Germany","",,,,"","","","","","","",,,,,,,,,,,,,,,,,,,,,,,,,,,,,,,,,,,,,,,,,,,,,,,,,,,,,,,,,,,,,,,,,,,,,,,,,,,,,,,,,,,,,,,,,,,,,,,,,,,,,,,,,,,,,,,,,,,,,,,,,,,
"pv anbieter hannover",,,,,"Germany","",,,,"","","","","","","",,,,,,,,,,,,,,,,,,,,,,,,,,,,,,,,,,,,,,,,,,,,,,,,,,,,,,,,,,,,,,,,,,,,,,,,,,,,,,,,,,,,,,,,,,,,,,,,,,,,,,,,,,,,,,,,,,,,,,,,,,,
"pv anbieter hamburg",,,,,"Germany","",,,,"","","","","","","",,,,,,,,,,,,,,,,,,,,,,,,,,,,,,,,,,,,,,,,,,,,,,,,,,,,,,,,,,,,,,,,,,,,,,,,,,,,,,,,,,,,,,,,,,,,,,,,,,,,,,,,,,,,,,,,,,,,,,,,,,,
"pv anbieter schleswig holstein",,,,,"Germany","",,,,"","","","","","","",,,,,,,,,,,,,,,,,,,,,,,,,,,,,,,,,,,,,,,,,,,,,,,,,,,,,,,,,,,,,,,,,,,,,,,,,,,,,,,,,,,,,,,,,,,,,,,,,,,,,,,,,,,,,,,,,,,,,,,,,,,
"huawei pv anbieter",,,,,"Germany","",,,,"","","","","","","",,,,,,,,,,,,,,,,,,,,,,,,,,,,,,,,,,,,,,,,,,,,,,,,,,,,,,,,,,,,,,,,,,,,,,,,,,,,,,,,,,,,,,,,,,,,,,,,,,,,,,,,,,,,,,,,,,,,,,,,,,,
"pv anbieter hessen",,,,,"Germany","",,,,"","","","","","","",,,,,,,,,,,,,,,,,,,,,,,,,,,,,,,,,,,,,,,,,,,,,,,,,,,,,,,,,,,,,,,,,,,,,,,,,,,,,,,,,,,,,,,,,,,,,,,,,,,,,,,,,,,,,,,,,,,,,,,,,,,
"pv anbieter heilbronn",,,,,"Germany","",,,,"","","","","","","",,,,,,,,,,,,,,,,,,,,,,,,,,,,,,,,,,,,,,,,,,,,,,,,,,,,,,,,,,,,,,,,,,,,,,,,,,,,,,,,,,,,,,,,,,,,,,,,,,,,,,,,,,,,,,,,,,,,,,,,,,,
"photovoltaik anbieter hagen",,,,,"Germany","",,10,,"HOMEPAGES, PRODUCT","","Missing words in title","","","","",,,,,,,,,,,,,,,,,,,,,,,,,,,,,,,,,,,,,,,,,,,,,,,,,,,,,,,,,,,,,,,,,,,,,,,,,,,,,,,,,,,,,,,,,,,,,,,,,,,,,,,,,,,,,,,,,,,,,,,,,,,
"pv anbieter in meiner nähe",20,20,30,40,"Germany","9.16",48,,100,"","","","","","","",,,,,,,,,,,,,,,,,,,,,,,,,,,,,,,,,,,,,,,,,,,,,,,,,,,,,,,,,,,,,,,,,,,,,,,,,,,,0,0,0,0,0,0,0,0,0,0,0,0,90,90,10,10,40,30,90,140,50,70,50,90,70,40,30,20,20,40,30,30,10,20,10,30,20,20,50,10,10,10,20,20,20,20,20,90
"pv anbieter insolvent",,,,,"Germany","",,,,"","","","","","","",,,,,,,,,,,,,,,,,,,,,,,,,,,,,,,,,,,,,,,,,,,,,,,,,,,,,,,,,,,,,,,,,,,,,,,,,,,,,,,,,,,,,,,,,,,,,,,,,,,,,,,,,,,,,,,,,,,,,,,,,,,
"pv anbieter im test",,,,,"Germany","",,,,"","","","","","","",,,,,,,,,,,,,,,,,,,,,,,,,,,,,,,,,,,,,,,,,,,,,,,,,,,,,,,,,,,,,,,,,,,,,,,,,,,,,,,,,,,,,,,,,,,,,,,,,,,,,,,,,,,,,,,,,,,,,,,,,,,
"pv anbieter im vergleich",,,,,"Germany","",,,,"","","","","","","",,,,,,,,,,,,,,,,,,,,,,,,,,,,,,,,,,,,,,,,,,,,,,,,,,,,,,,,,,,,,,,,,,,,,,,,,,,,,,,,,,,,,,,,,,,,,,,,,,,,,,,,,,,,,,,,,,,,,,,,,,,
"indach pv anbieter",,,,,"Germany","",,,,"","","","","","","",,,,,,,,,,,,,,,,,,,,,,,,,,,,,,,,,,,,,,,,,,,,,,,,,,,,,,,,,,,,,,,,,,,,,,,,,,,,,,,,,,,,,,,,,,,,,,,,,,,,,,,,,,,,,,,,,,,,,,,,,,,
"pv anbieter insolvenzverfahren",,,,,"Germany","",,,,"","","","","","","",,,,,,,,,,,,,,,,,,,,,,,,,,,,,,,,,,,,,,,,,,,,,,,,,,,,,,,,,,,,,,,,,,,,,,,,,,,,,,,,,,,,,,,,,,,,,,,,,,,,,,,,,,,,,,,,,,,,,,,,,,,
"pv anbieter köln",,,,,"Germany","",,,,"","","","","","","",,,,,,,,,,,,,,,,,,,,,,,,,,,,,,,,,,,,,,,,,,,,,,,,,,,,,,,,,,,,,,,,,,,,,,,,,,,,,,,,,,,,,,,,,,,,,,,,,,,,,,,,,,,,,,,,,,,,,,,,,,,
"pv anbieter karlsruhe",,,,,"Germany","",,,,"","","","","","","",,,,,,,,,,,,,,,,,,,,,,,,,,,,,,,,,,,,,,,,,,,,,,,,,,,,,,,,,,,,,,,,,,,,,,,,,,,,,,,,,,,,,,,,,,,,,,,,,,,,,,,,,,,,,,,,,,,,,,,,,,,
"pv anbieter kärnten",,,,,"Germany","",,,,"","","","","","","",,,,,,,,,,,,,,,,,,,,,,,,,,,,,,,,,,,,,,,,,,,,,,,,,,,,,,,,,,,,,,,,,,,,,,,,,,,,,,,,,,,,,,,,,,,,,,,,,,,,,,,,,,,,,,,,,,,,,,,,,,,
"direktvermarktung pv kleinanlagen anbieter",,,,,"Germany","",,,,"","","","","","","",,,,,,,,,,,,,,,,,,,,,,,,,,,,,,,,,,,,,,,,,,,,,,,,,,,,,,,,,,,,,,,,,,,,,,,,,,,,,,,,,,,,,,,,,,,,,,,,,,,,,,,,,,,,,,,,,,,,,,,,,,,
"pv anbieter preisvergleich",,,,,"Germany","",,,,"","","","","","","",,,,,,,,,,,,,,,,,,,,,,,,,,,,,,,,,,,,,,,,,,,,,,,,,,,,,,,,,,,,,,,,,,,,,,,,,,,,,,,,,,,,,,,,,,,,,,,,,,,,,,,,,,,,,,,,,,,,,,,,,,,
"pv anbieter lüneburg",,,,,"Germany","",,,,"","","","","","","",,,,,,,,,,,,,,,,,,,,,,,,,,,,,,,,,,,,,,,,,,,,,,,,,,,,,,,,,,,,,,,,,,,,,,,,,,,,,,,,,,,,,,,,,,,,,,,,,,,,,,,,,,,,,,,,,,,,,,,,,,,
"pv anbieter leipzig",,,,,"Germany","",,,,"","","","","","","",,,,,,,,,,,,,,,,,,,,,,,,,,,,,,,,,,,,,,,,,,,,,,,,,,,,,,,,,,,,,,,,,,,,,,,,,,,,,,,,,,,,,,,,,,,,,,,,,,,,,,,,,,,,,,,,,,,,,,,,,,,
"pv leads anbieter",,,,,"Germany","",,,,"","","","","","","",,,,,,,,,,,,,,,,,,,,,,,,,,,,,,,,,,,,,,,,,,,,,,,,,,,,,,,,,,,,,,,,,,,,,,,,,,,,,,,,,,,,,,,,,,,,,,,,,,,,,,,,,,,,,,,,,,,,,,,,,,,
"lokale pv anbieter",,,,,"Germany","",,,,"","","","","","","",,,,,,,,,,,,,,,,,,,,,,,,,,,,,,,,,,,,,,,,,,,,,,,,,,,,,,,,,,,,,,,,,,,,,,,,,,,,,,,,,,,,,,,,,,,,,,,,,,,,,,,,,,,,,,,,,,,,,,,,,,,
"pv anlage leads",,,,,"Germany","",,,,"","","","","","","",,,,,,,,,,,,,,,,,,,,,,,,,,,,,,,,,,,,,,,,,,,,,,,,,,,,,,,,,,,,,,,,,,,,,,,,,,,,,,,,,,,,,,,,,,,,,,,,,,,,,,,,,,,,,,,,,,,,,,,,,,,
"pv anlage liefern",,,,,"Germany","",,,,"HOMEPAGES","","Missing words in title","","","","",,,,,,,,,,,,,,,,,,,,,,,,,,,,,,,,,,,,,,,,,,,,,,,,,,,,,,,,,,,,,,,,,,,,,,,,,,,,,,,,,,,,,,,,,,,,,,,,,,,,,,,,,,,,,,,,,,,,,,,,,,,
"pv anlage live",,,,,"Germany","",,,,"","","","","","","",,,,,,,,,,,,,,,,,,,,,,,,,,,,,,,,,,,,,0,0,0,0,0,0,0,0,0,0,0,0,0,0,0,0,0,0,0,,,,,,,,,,,,,,,,,,,,,,,,,,,,,,,,,,,,,,,,,,,,,,,,,,,,,,,,,,,,,,,,,,,,
"pv anbieter münchen",,,,,"Germany","",,,,"","","","","","","",,,,,,,,,,,,,,,,,,,,,,,,,,,,,,,,,,,,,,,,,,,,,,,,,,,,,,,,,,,,,,,,,,,,,,,,,,,,,,,,,,,,,,,,,,,,,,,,,,,,,,,,,,,,,,,,,,,,,,,,,,,
"pv anbieter münster",,,,,"Germany","",,,,"","","","","","","",,,,,,,,,,,,,,,,,,,,,,,,,,,,,,,,,,,,,,,,,,,,,,,,,,,,,,,,,,,,,,,,,,,,,,,,,,,,,,,,,,,,,,,,,,,,,,,,,,,,,,,,,,,,,,,,,,,,,,,,,,,
"pv anbieter magdeburg",,,,,"Germany","",,,,"","","","","","","",,,,,,,,,,,,,,,,,,,,,,,,,,,,,,,,,,,,,,,,,,,,,,,,,,,,,,,,,,,,,,,,,,,,,,,,,,,,,,,,,,,,,,,,,,,,,,,,,,,,,,,,,,,,,,,,,,,,,,,,,,,
"pv module anbieter",,,,,"Germany","",,24,,"LISTICLES, HOMEPAGES","","Missing words in title","","","","",,,,,,,,,,,,,,,,,,,,,,,,,,,,,,,,,,,,,,,,,,,,,,,,,,,,,,,,,,,,,,,,,,,,,,,,,,,,,,,,,,,,,,,,,,,,,,,,,,,,,,,,,,,,,,,,,,,,,,,,,,,
"pv mieterstrom anbieter",,,,,"Germany","",,,,"","","","","","","",,,,,,,,,,,,,,,,,,,,,,,,,,,,,,,,,,,,,,,,,,,,,,,,,,,,,,,,,,,,,,,,,,,,,,,,,,,,,,,,,,,,,,,,,,,,,,,,,,,,,,,,,,,,,,,,,,,,,,,,,,,
"pv monitoring anbieter",,,,,"Germany","",,,,"","","","","","","",,,,,,,,,,,,,,,,,,,,,,,,,,,,,,,,,,,,,,,,,,,,,,,,,,,,,,,,,,,,,,,,,,,,,,,,,,,,,,,,,,,,,,,,,,,,,,,,,,,,,,,,,,,,,,,,,,,,,,,,,,,
"pv anbieter rhein main",,,,,"Germany","",,,,"","","","","","","",,,,,,,,,,,,,,,,,,,,,,,,,,,,,,,,,,,,,,,,,,,,,,,,,,,,,,,,,,,,,,,,,,,,,,,,,,,,,,,,,,,,,,,,,,,,,,,,,,,,,,,,,,,,,,,,,,,,,,,,,,,
"pv anlage mieten anbieter",10,10,10,10,"Germany","8.49",79,26,0,"","","Missing words in title","","","","",,,,,,,,,,,,,,,,,,,,,,,,,,,,,,,,,,,,,,,,,,,,,,,,,,0,0,0,30,10,10,10,10,10,10,10,10,10,10,10,10,20,10,10,10,20,20,10,40,30,70,30,30,40,70,90,90,70,90,70,90,70,90,110,70,70,70,70,50,50,30,20,20,10,20,20,20,20,10,10,10,10,10,10,10,10,10,10,10,10,10,10,0,10,10,10,10,10,10
"pv anbieter mit cloud",,,,,"Germany","",,,,"","","","","","","",,,,,,,,,,,,,,,,,,,,,,,,,,,,,,,,,,,,,,,,,,,,,,,,,,,,,,,,,,,,,,,,,,,,,,,,,,,,,,,,,,,,,,,,,,,,,,,,,,,,,,,,,,,,,,,,,,,,,,,,,,,
"pv anbieter mönchengladbach",,,,,"Germany","",,,,"","","","","","","",,,,,,,,,,,,,,,,,,,,,,,,,,,,,,,,,,,,,,,,,,,,,,,,,,,,,,,,,,,,,,,,,,,,,,,,,,,,,,,,,,,,,,,,,,,,,,,,,,,,,,,,,,,,,,,,,,,,,,,,,,,
"pv anbieter nrw",10,10,10,10,"Germany","3.37",89,,50,"","","","","","","",,,,,,,,,,,,,,,,,,,,,,,,,,,,,,,,,,,,,,,,,,,,,0,0,0,0,0,0,0,0,0,0,0,0,0,0,0,0,0,10,10,10,0,10,10,10,10,20,20,10,20,20,40,70,20,20,50,70,40,20,30,10,20,10,10,10,10,20,10,10,30,20,10,20,30,10,20,10,10,20,20,10,20,10,10,10,10,10,10,10,10,10,10,10,10,10,10,10,10,20,10
"pv anbieter niederösterreich",,,,,"Germany","",,,,"","","","","","","",,,,,,,,,,,,,,,,,,,,,,,,,,,,,,,,,,,,,,,,,,,,,,,,,,,,,,,,,,,,,,,,,,,,,,,,,,,,,,,,,,,,,,,,,,,,,,,,,,,,,,,,,,,,,,,,,,,,,,,,,,,
"pv anbieter nürnberg",,,,,"Germany","",,,,"","","","","","","",,,,,,,,,,,,,,,,,,,,,,,,,,,,,,,,,,,,,,,,,,,,,,,,,,,,,,,,,,,,,,,,,,,,,,,,,,,,,,,,,,,,,,,,,,,,,,,,,,,,,,,,,,,,,,,,,,,,,,,,,,,
"pv anlage netzanbieter",,,,,"Germany","",,,,"","","","","","","",,,,,,,,,,,,,,,,,,,,,,,,,,,,,,,,,,,,,,,,,,,,,,,,,,,,,,,,,,,,,,,,,,,,,,,,,,,,,,,,,,,,,,,,,,,,,,,,,,,,,,,,,,,,,,,,,,,,,,,,,,,
"pv anbieter ostfriesland",,,,,"Germany","",,,,"","","","","","","",,,,,,,,,,,,,,,,,,,,,,,,,,,,,,,,,,,,,,,,,,,,,,,,,,,,,,,,,,,,,,,,,,,,,,,,,,,,,,,,,,,,,,,,,,,,,,,,,,,,,,,,,,,,,,,,,,,,,,,,,,,
"pv anbieter oberösterreich",0,10,10,,"Germany","",,,0,"","","","","","","",,,,,,,,,,,,,,,,,,,,,,,,,,,,,,,,,,,,,,,,,,,,,,,,,,,,,,,,,,,,,,,,,,,,,,,,,,,,10,0,0,10,10,0,0,10,0,0,0,0,0,0,0,0,0,0,0,0,0,0,0,0,0,0,10,0,0,0,0,0,0,0,0,0,0,0,0,0,0,0,0,10,0,0,0,0
"pv anbieter oldenburg",,,,,"Germany","",,,,"","","","","","","",,,,,,,,,,,,,,,,,,,,,,,,,,,,,,,,,,,,,,,,,,,,,,,,,,,,,,,,,,,,,,,,,,,,,,,,,,,,,,,,,,,,,,,,,,,,,,,,,,,,,,,,,,,,,,,,,,,,,,,,,,,
"pv anbieter osnabrück",,,,,"Germany","",,,,"","","","","","","",,,,,,,,,,,,,,,,,,,,,,,,,,,,,,,,,,,,,,,,,,,,,,,,,,,,,,,,,,,,,,,,,,,,,,,,,,,,,,,,,,,,,,,,,,,,,,,,,,,,,,,,,,,,,,,,,,,,,,,,,,,
"pv anbieter paderborn",,,,,"Germany","",,,,"","","","","","","",,,,,,,,,,,,,,,,,,,,,,,,,,,,,,,,,,,,,,,,,,,,,,,,,,,,,,,,,,,,,,,,,,,,,,,,,,,,,,,,,,,,,,,,,,,,,,,,,,,,,,,,,,,,,,,,,,,,,,,,,,,
"pv anbieter pleite",,,,,"Germany","",,,,"","","","","","","",,,,,,,,,,,,,,,,,,,,,,,,,,,,,,,,,,,,,,,,,,,,,,,,,,,,,,,,,,,,,,,,,,,,,,,,,,,,,,,,,,,,,,,,,,,,,,,,,,,,,,,,,,,,,,,,,,,,,,,,,,,
"pv anbieter regensburg",,,,,"Germany","",,,,"","","","","","","",,,,,,,,,,,,,,,,,,,,,,,,,,,,,,,,,,,,,,,,,,,,,,,,,,,,,,,,,,,,,,,,,,,,,,,,,,,,,,,,,,,,,,,,,,,,,,,,,,,,,,,,,,,,,,,,,,,,,,,,,,,
"regionale pv anbieter",,,,,"Germany","",,,,"","","","","","","",,,,,,,,,,,,,,,,,,,,,,,,,,,,,,,,,,,,,,,,,,,,,,,,,,,,,,,,,,,,,,,,,,,,,,,,,,,,,,,,,,,,,,,,,,,,,,,,,,,,,,,,,,,,,,,,,,,,,,,,,,,
"pv anbieter ranking",,,,,"Germany","",,,,"","","","","","","",,,,,,,,,,,,,,,,,,,,,,,,,,,,,,,,,,,,,,,,,,,,,,,,,,,,,,,,,,,,,,,,,,,,,,,,,,,,,,,,,,,,,,,,,,,,,,,,,,,,,,,,,,,,,,,,,,,,,,,,,,,
"pv anbieter reutlingen",,,,,"Germany","",,,,"","","","","","","",,,,,,,,,,,,,,,,,,,,,,,,,,,,,,,,,,,,,,,,,,,,,,,,,,,,,,,,,,,,,,,,,,,,,,,,,,,,,,,,,,,,,,,,,,,,,,,,,,,,,,,,,,,,,,,,,,,,,,,,,,,
"pv anbieter saarland",,,,,"Germany","",,,,"","","","","","","",,,,,,,,,,,,,,,,,,,,,,,,,,,,,,,,,,,,,,,,,,,,,,,,,,,,,,,,,,,,,,,,,,,,,,,,,,,,,,,,,,,,,,,,,,,,,,,,,,,,,,,,,,,,,,,,,,,,,,,,,,,
"pv anbieter schweiz",,,,,"Germany","",,,,"","","","","","","",,,,,,,,,,,,,,,,,,,,,,,,,,,,,,,,,,,,,,,,,,,,,,,,,,,,,,,,,,,,,,,,,,,,,,,,,,,,,,,,,,,,,,,,,,,,,,,,,,,,,,,,,,,,,,,,,,,,,,,,,,,
"pv anbieter sonnen",,,,,"Germany","",,,,"","","","","","","",,,,,,,,,,,,,,,,,,,,,,,,,,,,,,,,,,,,,,,,,,,,,,,,,,,,,,,,,,,,,,,,,,,,,,,,,,,,,,,,,,,,,,,,,,,,,,,,,,,,,,,,,,,,,,,,,,,,,,,,,,,
"pv anbieter steiermark",,,,,"Germany","",,,,"","","","","","","",,,,,,,,,,,,,,,,,,,,,,,,,,,,,,,,,,,,,,,,,,,,,,,,,,,,,,,,,,,,,,,,,,,,,,,,,,,,,,,,,,,,,,,,,,,,,,,,,,,,,,,,,,,,,,,,,,,,,,,,,,,
"pv anbieter stuttgart",,,,,"Germany","",,,,"","","","","","","",,,,,,,,,,,,,,,,,,,,,,,,,,,,,,,,,,,,,,,,,,,,,,,,,,,,,,,,,,,,,,,,,,,,,,,,,,,,,,,,,,,,,,,,,,,,,,,,,,,,,,,,,,,,,,,,,,,,,,,,,,,
"pv speicher anbieter",10,10,10,10,"Germany","5.89",100,,0,"","","","","","","",,,,,,,,,,,,,,,,,,,,,,,,,,,,,,,,,,,,,,,,0,0,0,0,0,0,0,0,0,0,0,0,0,0,0,0,0,0,0,0,0,0,10,20,10,10,10,10,10,10,10,10,10,10,10,30,10,10,10,10,20,20,10,20,10,10,20,20,20,10,10,10,10,20,10,10,10,10,10,10,20,20,10,10,10,10,10,10,10,10,10,10,10,10,10,10,10,10,10,10,10,10,10,20
"pv strom anbieter",,,,,"Germany","",,,,"","","","","","","",,,,,,,,,,,,,,,,,,,,,,,,,,,,,,,,,,,,,,,,,,,,,,,,,,,,,,,,,,,,,,,,,,,,,,,,,,,,,,,,,,,,,,,,,,,,,,,,,,,,,,,,,,,,,,,,,,,,,,,,,,,
"pv solar anbieter",,,,,"Germany","",,,,"","","","","","","",,,,,,,,,,,,,,,,,,,,,,,,,,,,,,,,,,,,,,,,,,,,,,,,,,,,,,,,,,,,,,,,,,,,,,,,,,,,,,,,,,,,,,,,,,,,,,,,,,,,,,,,,,,,,,,,,,,,,,,,,,,
"direktvermarkter pv strom anbieter",80,70,60,60,"Germany","8.39",76,,-48,"","","","","","","",,,,,,,,,,,,,,,,,,,,,,,,,,,,,,,,,,,,,,,,,,,,,,,,,,,,,,,,,,,,,,,,,,,,,,,,,,,,10,10,10,10,50,70,50,90,40,50,110,70,50,50,50,30,30,20,90,90,50,90,110,110,90,90,90,70,110,90,90,90,70,90,140,140,110,110,90,90,90,110,90,50,40,50,70,70
"pv anlage seriöse anbieter",,,,,"Germany","",,,,"","","","","","","",,,,,,,,,,,,,,,,,,,,,,,,,,,,,,,,,,,,,,,,,,,,,,,,,,,,,,,,,,,,,,,,,,,,,,,,,,,,,,,,,,,,,,,,,,,,,,,,,,,,,,,,,,,,,,,,,,,,,,,,,,,
"pv cloud speicher anbieter",10,10,10,10,"Germany","2.47",81,,-100,"","","","","","","",,,,,,,,,,,,,,,,,,,,,,,,,,,,,,,,,,,,,,,,0,0,0,0,0,0,0,0,0,0,0,0,0,0,0,0,0,0,0,0,0,0,0,0,0,0,10,0,0,0,0,10,0,10,20,50,50,50,10,10,20,20,10,10,10,10,10,10,30,30,50,10,40,10,10,30,30,30,10,20,10,10,10,10,0,0,10,10,10,10,10,0,0,10,0,10,0,10,10,10,0,10,0,10
"pv anlage mit speicher anbieter",10,10,10,10,"Germany","18.20",77,,0,"","","","","","","",,,,,,,,,,,,,,,,,,,,,,,,,,,,,,,,,,,,,,,0,0,0,0,0,0,0,0,0,0,0,0,0,0,0,0,0,0,0,0,0,0,0,20,20,20,20,20,20,20,20,20,30,10,30,30,50,50,20,20,40,70,40,20,10,20,20,20,10,20,10,30,10,20,10,10,10,10,10,10,10,10,10,10,10,10,10,20,10,10,10,10,10,10,10,10,10,10,10,10,10,10,10,10,20
"pv anlage mit speicher anbieter vergleich",,,,,"Germany","",,,,"","","","","","","",,,,,,,,,,,,,,,,,,,,,,,,,,,,,,,,,,,,,,,,,,,,,,,,,,,,,,,,,,,,,,,,,,,,,,,,,,,,,,,,,,,,,,,,,,,,,,,,,,,,,,,,,,,,,,,,,,,,,,,,,,,
"pv anbieter tirol",,,,,"Germany","",,,,"","","","","","","",,,,,,,,,,,,,,,,,,,,,,,,,,,,,,,,,,,,,,,,,,,,,,,,,,,,,,,,,,,,,,,,,,,,,,,,,,,,,,,,,,,,,,,,,,,,,,,,,,,,,,,,,,,,,,,,,,,,,,,,,,,
"pv anbieter trier",,,,,"Germany","",,,,"","","","","","","",,,,,,,,,,,,,,,,,,,,,,,,,,,,,,,,,,,,,,,,,,,,,,,,,,,,,,,,,,,,,,,,,,,,,,,,,,,,,,,,,,,,,,,,,,,,,,,,,,,,,,,,,,,,,,,,,,,,,,,,,,,
"top pv anbieter",,,,,"Germany","",,,,"","","","","","","",,,,,,,,,,,,,,,,,,,,,,,,,,,,,,,,,,,,,,,,,,,,,,,,,,,,,,,,,,,,,,,,,,,,,,,,,,,,,,,,,,,,,,,,,,,,,,,,,,,,,,,,,,,,,,,,,,,,,,,,,,,
"pv anlage anbieter test",10,10,10,20,"Germany","13.04",81,,-33,"","","","","","","",,,,,,,,,,,,,,,,,,,,,,,,,,,,,,,,,,,,,,,,,,,,,,,,,,,,,,,,,,,,,,,,,,,,,,,,,,,,40,30,30,20,30,40,10,20,10,20,30,90,70,50,50,70,50,90,50,30,40,40,30,30,40,50,40,30,20,30,40,20,10,30,20,30,20,20,20,20,20,20,20,20,10,10,10,40
"pv anbieter ulm",,,,,"Germany","",,,,"","","","","","","",,,,,,,,,,,,,,,,,,,,,,,,,,,,,,,,,,,,,,,,,,,,,,,,,,,,,,,,,,,,,,,,,,,,,,,,,,,,,,,,,,,,,,,,,,,,,,,,,,,,,,,,,,,,,,,,,,,,,,,,,,,
"anbieter pv und wärmepumpe",,,,,"Germany","",,,,"","","","","","","",,,,,,,,,,,,,,,,,,,,,,,,,,,,,,,,,,,,,,,,,,,,,,,,,,,,,,,,,,,,,,,,,,,,,,,,,,,,,,,,,,,,,,,,,,,,,,,,,,,,,,,,,,,,,,,,,,,,,,,,,,,
"unseriöse pv anbieter",,,,,"Germany","",,,,"","","","","","","",,,,,,,,,,,,,,,,,,,,,,,,,,,,,,,,,,,,,,,,,,,,,,,,,,,,,,,,,,,,,,,,,,,,,,,,,,,,,,,,,,,,,,,,,,,,,,,,,,,,,,,,,,,,,,,,,,,,,,,,,,,
"pv anbieter vorarlberg",,,,,"Germany","",,,,"","","","","","","",,,,,,,,,,,,,,,,,,,,,,,,,,,,,,,,,,,,,,,,,,,,,,,,,,,,,,,,,,,,,,,,,,,,,,,,,,,,,,,,,,,,,,,,,,,,,,,,,,,,,,,,,,,,,,,,,,,,,,,,,,,
"pv anbieter vergleich österreich",,,,,"Germany","",,,,"","","","","","","",,,,,,,,,,,,,,,,,,,,,,,,,,,,,,,,,,,,,,,,,,,,,,,,,,,,,,,,,,,,,,,,,,,,,,,,,,,,,,,,,,,,,,,,,,,,,,,,,,,,,,,,,,,,,,,,,,,,,,,,,,,
"pv strom verkaufen anbieter",,,,,"Germany","",,,,"","","","","","","",,,,,,,,,,,,,,,,,,,,,,,,,,,,,,,,,,,,,,,,,,,,,,,,,,,,,,,,,,,,,,,,,,,,,,,,,,,,,,,,,,,,,,,,,,,,,,,,,,,,,,,,,,,,,,,,,,,,,,,,,,,
"anbieter von pv anlagen",10,10,10,10,"Germany","8.53",81,,100,"","","","","","","",,,,,,,,,,,,,,,,,,,,,,,,,,,,,,,,,,,,,,,,0,0,0,0,0,0,0,0,0,0,0,0,0,0,0,0,0,0,0,0,0,0,10,10,10,10,10,10,10,10,10,10,10,10,20,20,10,10,10,10,20,10,10,10,10,10,10,10,10,10,10,10,10,10,10,10,10,10,10,10,10,10,10,10,10,10,10,10,0,10,10,10,10,10,10,10,10,10,10,10,10,10,10,10
"pv anbieter wien",,,,,"Germany","",,,,"","","","","","","",,,,,,,,,,,,,,,,,,,,,,,,,,,,,,,,,,,,,,,,,,,,,,,,,,,,,,,,,,,,,,,,,,,,,,,,,,,,,,,,,,,,,,,,,,,,,,,,,,,,,,,,,,,,,,,,,,,,,,,,,,,
"pv anbieter würzburg",,,,,"Germany","",,,,"","","","","","","",,,,,,,,,,,,,,,,,,,,,,,,,,,,,,,,,,,,,,,,,,,,,,,,,,,,,,,,,,,,,,,,,,,,,,,,,,,,,,,,,,,,,,,,,,,,,,,,,,,,,,,,,,,,,,,,,,,,,,,,,,,
"pv wechselrichter anbieter",,,,,"Germany","",,,,"","","","","","","",,,,,,,,,,,,,,,,,,,,,,,,,,,,,,,,,,,,,,,,,,,,,,,,,,,,,,,,,,,,,,,,,,,,,,,,,,,,,,,,,,,,,,,,,,,,,,,,,,,,,,,,,,,,,,,,,,,,,,,,,,,
"pv anlage anbieter wechseln",,,,,"Germany","",,,,"","","","","","","",,,,,,,,,,,,,,,,,,,,,,,,,,,,,,,,,,,,,,,,,,,,,,,,,,,0,0,0,0,0,0,0,0,0,0,0,0,0,0,0,0,0,,,,,,,,,,,,,,,,,,,,,,,,,,,,,,,,,,,,,,,,,,,,,,,,,,,,,,,,
"pv anlage welcher anbieter",,,,,"Germany","",,,,"","","","","","","",,,,,,,,,,,,,,,,,,,,,,,,,,,,,,,,,,,,,,,,,,,,,,,,,,,,,,,,,,,,,,,,,,,,,,,,,,,,,,,,,,,,,,,,,,,,,,,,,,,,,,,,,,,,,,,,,,,,,,,,,,,
"welcher pv anbieter",,,,,"Germany","",,,,"","","","","","","",,,,,,,,,,,,,,,,,,,,,,,,,,,,,,,,,,,,,,,,,,,,,,,,,,,,,,,,,,,,,,,,,,,,,,,,,,,,,,,,,,,,,,,,,,,,,,,,,,,,,,,,,,,,,,,,,,,,,,,,,,,
"pv zaun anbieter",,,,,"Germany","",,,,"","","","","","","",,,,,,,,,,,,,,,,,,,,,,,,,,,,,,,,,,,,,,,,,,,,,,,,,,,,,,,,,,,,,,,,,,,,,,,,,,,,,,,,,,,,,,,,,,,,,,,,,,,,,,,,,,,,,,,,,,,,,,,,,,,
"pv anbieter sachsen",,,,,"Germany","",,,,"","","","","","","",,,,,,,,,,,,,,,,,,,,,,,,,,,,,,,,,,,,,,,,,,,,,,,,,,,,,,,,,,,,,,,,,,,,,,,,,,,,,,,,,,,,,,,,,,,,,,,,,,,,,,,,,,,,,,,,,,,,,,,,,,,
"pv anlage anbieter in der nähe",120,110,140,230,"Germany","9.85",66,24,33,"HOMEPAGES","","Missing words in title","People Also Ask","","","",,,,,,,,,,,,,,,,,,,,,,,,,,,,,,,,,,,,,,,,,,,,,,,,,,,,,,,,,,,,0,0,10,40,110,70,30,50,40,70,90,140,110,210,170,320,390,170,260,320,480,480,390,390,210,590,480,480,320,260,260,320,260,210,70,140,140,140,210,210,210,110,170,90,70,70,90,70,70,70,110,170,260,70,90,110,50,50,70,70,30,170,210,320
"pv anlage ausser betrieb nehmen",,,,,"Germany","",,,,"","","","","","","",,,,,,,,,,,,,,,,,,,,,,,,,,,,,,,,,,,,,,,,,,0,0,0,0,0,0,0,0,0,0,0,0,0,0,0,,,,,,,,,,,,,,,,,,,,,,,,,,,,,,,,,,,,,,,,,,,,,,,,,,,,,,,,,,,,,,,,,,,
"pv anbieter niedersachsen",,,,,"Germany","",,,,"","","","","","","",,,,,,,,,,,,,,,,,,,,,,,,,,,,,,,,,,,,,,,,,,,,,,,,,,,,,,,,,,,,,,,,,,,,,,,,,,,,,,,,,,,,,,,,,,,,,,,,,,,,,,,,,,,,,,,,,,,,,,,,,,,
"pv anlage anbieter deutschland",,,,,"Germany","",,,,"","","","","","","",,,,,,,,,,,,,,,,,,,,,,,,,,,,,,,,,,,,,,,,,,,,,,,,,,,,,,,,,,,,,,,,,,,,,,,,,,,,,,,,,,,,,,,,,,,,,,,,,,,,,,,,,,,,,,,,,,,,,,,,,,,
"pv anlage für firma",,,,,"Germany","",,,,"","","","","","","",,,,,,,,,,,,,,,,,,,,,,,,,,,,,,,,,,,,,,,,,,,,,,,,,,,,,,,,,,,,,,,,,,,,,,,,,,,,,,,,,,,,,,,,,,,,,,,,,,,,,,,,,,,,,,,,,,,,,,,,,,,
"pv anlage firmen",80,70,70,90,"Germany","13.35",35,31,-33,"LISTICLES, HOMEPAGES","","Missing words in title","","","","",,,,,,,,,,,,,,,,,,,,,,,,,,,,,,,,,,,,,,,,,,,,,,,,,,,,,,,,,,,20,20,140,90,90,140,50,50,90,90,110,110,110,70,170,140,320,260,140,140,260,260,260,320,210,140,260,170,170,320,210,140,140,170,170,110,110,50,90,110,110,90,90,70,70,70,70,40,40,40,70,140,170,140,90,110,90,70,70,40,40,50,50,70,170
"pv anlage firma finden",10,10,10,10,"Germany","",86,,0,"","","","","","","",,,,,,,,,,,,,,,,,,,,,,,,,,,,,,,,,,,,,,,,,,,,,,,,,,,,,,,,,,,,,,,,,,,,,,,,,,,,0,0,0,0,0,0,0,0,0,0,0,40,40,10,10,30,20,20,20,20,10,30,10,30,10,20,10,10,20,10,10,10,0,10,0,0,10,10,0,0,10,10,0,10,0,10,0,10
"pv fuerteventura",,,,,"Germany","",,,,"","","","","","","",,,,,,,,,,,,,,,,,,,,,,,,,,,,,,,,,,,,,,,,,,,,,,,,,,,,,,,,,,,,,,,,,,,,,,,,,,,,,,,,,,,,,,,,,,,,,,,,,,,,,,,,,,,,,,,,,,,,,,,,,,,
"anbieter pv anlagen",300,290,260,350,"Germany","13.04",62,33,-37,"HOMEPAGES, LISTICLES","","Missing words in title","","","","",,,,,,,,,,,,,,,,,,,,,,,,,,,,,,,,,,,,,,,,,,,,,,,,,,,,,,,,,,,,140,480,390,480,480,590,590,720,590,880,1600,1000,880,1600,1600,2900,2400,1600,1600,2900,2900,2400,1900,1900,1000,1600,1000,1600,1000,1000,880,590,720,590,480,390,320,480,480,390,390,480,320,260,320,260,260,170,170,320,390,480,390,390,320,320,260,320,260,140,140,260,210,590
"pv anlage hinterlüftung",,,,,"Germany","",,,,"","","","","","","",,,,,,,,,,,,,,,,,,,,,,,,,,,,,,,,,,,,,,,,,,,,,,,,,,,,,,,,,,,,,,,,,,,,,,,,,,,,,,,,,,,,,,,,,,,,,,,,,,,,,,,,,,,,,,,,,,,,,,,,,,,
"pv anlage mieten anbieter vergleich",,,,,"Germany","",,,,"","","","","","","",,,,,,,,,,,,,,,,,,,,,,,,,,,,,,,,,,,,,,,,,,,,,,,,,,,,,,,,,,,,,,,,,,,,,,,,,,,,,,,,,,,,,,,,,,,,,,,,,,,,,,,,,,,,,,,,,,,,,,,,,,,
"pv anlage überschreiben",10,10,10,10,"Germany","",8,,-33,"","","","","","","",,,,,,,,,,,,,,,,,,,,,,,,,,,,,,,,,,,,,,,,,,,,,,,,,,,,,,,,,,0,0,0,0,10,20,20,10,10,10,20,10,10,10,10,20,20,30,10,20,10,10,20,20,20,20,20,30,20,10,20,10,10,10,10,10,10,20,30,30,10,20,20,30,10,10,10,10,10,20,10,20,20,10,10,10,10,10,10,20,20,10,10,10,10,10
"pv anlage übernommen",,,,,"Germany","",,,,"","","","","","","",,,,,,,,,,,,,,,,,,,,,,,,,,,,,,,,,,,,,,,,,,,,,,,,,,,,,,,,,,,,,,,,,,,,,,,,,,,,,,,,,,,,,,,,,,,,,,,,,,,,,,,,,,,,,,,,,,,,,,,,,,,
"pv anlage übernehmen",10,10,10,10,"Germany","",34,,0,"","","","","","","",,,,,,,,,,,,,,,,,,,,,,,,,,,,,,,,,,,,,,,,,,,,,,,,10,10,20,10,10,10,10,10,20,20,20,20,20,20,10,20,10,10,20,20,10,10,30,20,10,20,20,20,10,10,10,10,10,10,20,20,20,20,20,20,10,10,10,10,10,10,10,10,10,10,20,20,20,10,20,10,10,10,20,10,10,10,10,10,10,10,10,10,10,10,10,10,10,10,10,10
"pv anlage übertragen",,,,,"Germany","",,,,"","","","","","","",,,,,,,,,,,,,,,,,,,,,,,,,,,,,,,,,,,,,,,,,,,,,,,,,,,,,,,,,,,,,,,,,,,,,,,,,,,,,,,,,,,,,,,,,,,,,,,,,,,,,,,,,,,,,,,,,,,,,,,,,,,
"pv anlage überwachen",50,50,40,40,"Germany","1.96",100,20,-50,"","","Missing words in title","","","","",,,,,,,,,,,,,,,,,,,,,,,,,,,,,,,,,,,,,,,,,,,,,,,,,,,,,,,,,,,,,,,70,70,70,50,50,70,70,70,50,70,70,70,110,90,70,70,110,170,170,140,170,110,170,170,210,170,170,140,170,140,170,170,140,110,210,210,170,140,110,110,110,110,70,110,90,90,70,90,140,140,70,70,70,40,30,40,50,50,50,40,50
"pv anlage unterthingau",,,,,"Germany","",,,,"","","","","","","",,,,,,,,,,,,,,,,,,,,,,,,,,,,,,,,,,,,,,,,,,,,,,,,,,,,,,,,,,,,,,,,,,,,,,,,,,,,,,,,,,,,,,,,,,,,,,,,,,,,,,,,,,,,,,,,,,,,,,,,,,,
"pv anlage unternehmen anmelden",10,10,10,10,"Germany","",0,,-100,"","","","","","","",,,,,,,,,,,,,,,,,,,,,,,,,,,,,,,,,,,,,,,0,0,0,0,0,0,0,0,0,0,0,0,0,0,10,20,20,10,10,10,20,10,20,20,20,30,40,30,10,20,20,30,20,20,50,40,50,50,40,20,20,50,70,40,30,20,30,40,30,20,30,20,20,20,20,10,10,10,10,10,20,10,10,10,10,10,10,10,10,10,10,10,10,10,10,10,10,0,10,0,0,0,10,0,10
"pv anlage unterverteilung",20,20,20,10,"Germany","",60,,0,"","","","","","","",,,,,,,,,,,,,,,,,,,,,,,,,,,,,,,,,,,,,,,,,,,,,,,,,0,0,0,0,0,0,0,0,0,0,0,0,0,10,10,10,10,10,20,10,10,30,40,10,20,10,30,20,50,20,30,50,40,70,40,30,70,40,110,70,50,50,70,50,40,40,30,50,70,50,70,40,40,30,30,30,40,40,20,20,40,30,40,30,40,20,40,20,30,20,20,30,10,20,20
"pv anlage unternehmerregelung",,,,,"Germany","",,,,"","","","","","","",,,,,,,,,,,,,,,,,,,,,,,,,,,,,,,,,,,,,,,,,,,,,,,,,,,,,,,,,,,,,,,,,,,,,,,,,,,,,,,,,,,,,,,,,,,,,,,,,,,,,,,,,,,,,,,,,,,,,,,,,,,
"pv anlage vorab anmelden",,,,,"Germany","",,,,"","","","","","","",,,,,,,,,,,,,,,,,,,,,,,,,,,,,,,,,,,,,,,,,,,,,,,,,,,,,,,,,,,,,,,,,,,,,,,,,,,,,,,,,,,,,,,,,,,,,,,,,,,,,,,,,,,,,,,,,,,,,,,,,,,
"pv anlage anmelden vor inbetriebnahme",,,,,"Germany","",,,,"","","","","","","",,,,,,,,,,,,,,,,,,,,,,,,,,,,,,,,,,,,,,,,,,,,,,,,,,,,,,,,,,,,,,,,,,,,,,,,,,,,,,,,,,,,,,,,,,,,,,,,,,,,,,,,,,,,,,,,,,,,,,,,,,,
"pv anlage wiederverkäufer",,,,,"Germany","",,,,"","","","","","","",,,,,,,,,,,,,,,,,,,,,,,,,,,,,,,,,,,,,,,,,,,,,,,,,,,,,,,,,,,,,,,,,,,,,,,,,,,,,,,,,,,,,,,,,,,,,,,,,,,,,,,,,,,,,,,,,,,,,,,,,,,
"photovoltaikanlage widerruf",,,,,"Germany","",,,,"","","","","","","",,,,,,,,,,,,,,,,,,,,,,,,,,,,,,,,,,,,,,,,,,,,,,,,,,,,,,,,,,,,,,,,,,,,,,,,,,,,,,,,,,,,,,,,,,,,,,,,,,,,,,,,,,,,,,,,,,,,,,,,,,,
"pv anlage anbieter wildeshausen",,,,,"Germany","",,,,"","","","","","","",,,,,,,,,,,,,,,,,,,,,,,,,,,,,,,,,,,,,,,,,,,,,,,,,,,,,,,,,,,,,,,,,,,,,,,,,,,,,,,,,,,,,,,,,,,,,,,,,,,,,,,,,,,,,,,,,,,,,,,,,,,
"pv anlage wiederverkäufer von strom",,,,,"Germany","",,,,"","","","","","","",,,,,,,,,,,,,,,,,,,,,,,,,,,,,,,,,,,,,,,,,,,,,,,,,,,,,,,,,,,,,,,,,,,,,,,,,,,,,,,,,,,,,,,,,,,,,,,,,,,,,,,,,,,,,,,,,,,,,,,,,,,
"pv anlage wiesbaden",40,40,10,20,"Germany","15.79",39,9,-82,"HOMEPAGES, PRODUCT","","Missing words in title","People Also Ask","","","",,,,,,,,,,,,,,,,,,,,,,,,,,,,,,,,,,,,,,,,,,,,,,,,,0,0,0,0,0,0,0,0,0,0,0,0,0,0,0,0,0,0,0,0,0,0,0,0,0,0,0,0,0,0,0,0,0,0,0,0,0,0,10,20,10,10,10,10,10,40,70,10,20,30,30,30,20,10,10,30,20,10,30,20,40,90,110,70,70,50,30,20,170,10,10,10,20,10,40
"pv anlage wartezeit",10,10,10,10,"Germany","",0,22,0,"MEDIA_BLOGS","","Missing words in title","Featured Snippet","","","",,,,,,,,,,,,,,,,,,,,,,,,,,,,,,,,,,,,,,,,,,,,,,,0,0,0,0,0,0,0,0,0,0,0,0,0,0,0,0,10,10,10,10,10,10,10,10,10,10,10,10,70,50,50,70,70,90,110,50,40,20,40,30,30,40,30,10,20,10,10,10,10,10,10,10,10,10,10,10,10,10,10,10,0,10,10,10,10,10,10,10,10,0,10,10,10,10,0,10,10
"pv anbindung wärmepumpe",,,,,"Germany","",,,,"","","","","","","",,,,,,,,,,,,,,,,,,,,,,,,,,,,,,,,,,,,,,,,,,,,,,,,,,,,,,,,,,,,,,,,,,,,,,,,,,,,,,,,,,,,,,,,,,,,,,,,,,,,,,,,,,,,,,,,,,,,,,,,,,,
"pv anlage ab wann inbetriebnahme",,,,,"Germany","",,,,"","","","","","","",,,,,,,,,,,,,,,,,,,,,,,,,,,,,,,,,,,,,,,,,,,,,,,,,,,,,,,,,,,,,,,,,,,,,,,,,,,,,,,,,,,,,,,,,,,,,,,,,,,,,,,,,,,,,,,,,,,,,,,,,,,
"pv anlage wird abgeschaltet",20,10,10,10,"Germany","",1,,-33,"","","","","","","",,,,,,,,,,,,,,,,,,,,,,,,,,,,,,,,,,,,,,,,,,,,,,,,,,,,,,,,,,,,,,0,0,0,0,0,0,0,0,0,0,0,0,0,0,0,0,0,0,0,0,0,0,0,0,0,0,0,0,30,40,40,70,10,10,10,10,10,30,50,30,20,30,30,40,20,10,10,10,20,20,70,30,40,30,20,20,10,10,10,10,10,10
"überregionale pv anbieter",,,,,"Germany","",,,,"","","","","","","",,,,,,,,,,,,,,,,,,,,,,,,,,,,,,,,,,,,,,,,,,,,,,,,,,,,,,,,,,,,,,,,,,,,,,,,,,,,,,,,,,,,,,,,,,,,,,,,,,,,,,,,,,,,,,,,,,,,,,,,,,,
"apv anlagen",,,,,"Germany","",,,,"","","","","","","",,,,,,,,,,,,,,,,,,,,,,,,,,,,,,,,,,,,,,,,,,,,,,,,,,,,,,,,,,,,,,,,,,,,,,,,,,,,,,,,,,,,,,,,,,,,,,,,,,,,,,,,,,,,,,,,,,,,,,,,,,,
"apv erfahrungen",,,,,"Germany","",,,,"","","","","","","",,,,,,,,,,,,,,,,,,,,,,,,,,,,,,,,,,,,,,,,,,,,,,,,,,,,,,,,,,,,,,,,,,,,,,,,,,,,,,,,,,,,,,,,,,,,,,,,,,,,,,,,,,,,,,,,,,,,,,,,,,,
"apv de",10,10,10,10,"Germany","",0,,0,"","","","","","","",,,,,,,,,,,,,,,,,,,,,,,,,,,,,,,,,,,,,,,,,,,,,,,,,,,,,,,,,,,,,,,,,,,,,,,,,,,,0,10,10,10,10,10,10,10,10,10,10,10,10,10,10,10,10,10,0,10,10,10,10,10,10,0,10,10,10,10,10,10,10,10,10,10,10,0,10,10,10,10,10,10,10,10,10,10
"apv alternative",,,,,"Germany","",,,,"","","","","","","",,,,,,,,,,,,,,,,,,,,,,,,,,,,,,,,,,,,,,,,,,,,,,,,,,,,,,,,,,,,,,,,,,,,,,,,,,,,,,,,,,,,,,,,,,,,,,,,,,,,,,,,,,,,,,,,,,,,,,,,,,,
"bpv bestellservice",,,,,"Germany","",,,,"","","","","","","",,,,,,,,,,,,,,,,,,,,,,,,,,,,,,,,,,,,,,,,,,,,,,,,,,,,,,,,,,,,,,,,,,,,,,,,,,,,,,,,,,,,,,,,,,,,,,,,,,,,,,,,,,,,,,,,,,,,,,,,,,,
"bpv birta",,,,,"Germany","",,,,"","","","","","","",,,,,,,,,,,,,,,,,,,,,,,,,,,,,,,,,,,,,,,,,,,,,,,,,,,,,,,,,,,,,,,,,,,,,,,,,,,,,,,,,,,,,,,,,,,,,,,,,,,,,,,,,,,,,,,,,,,,,,,,,,,
"bpv software",10,10,,,"Germany","",,,0,"","","","","","","",,,,,,,,,,,,,,,,,,,,,,,,,,,,,,,,,,,,,,,,,,,,,,,,,,,,,,,,,,,,,,,,,,,,,,,,,,,,0,0,0,10,0,0,0,0,0,0,10,10,0,0,10,10,0,0,0,0,0,0,0,10,0,0,10,10,0,0,0,10,0,0,0,10,0,0,10,0,0,10,0,0,0,0,0,0
"bpv gmbh",70,70,70,70,"Germany","",0,,-40,"","","","","","","",,,,,,,,,,,,,,,,,,,,,,,,,,,,,,,,,,,,,,,,,,,,,,,,,,,,,,,,,,,,,,,,,,,,,,,,,,,,390,390,320,320,390,390,260,390,320,390,320,390,320,320,390,390,390,390,480,590,390,590,590,390,1000,720,480,480,260,320,140,140,90,110,110,110,90,70,90,90,70,70,90,50,50,90,70,70
"bpv v",10,10,10,10,"Germany","",0,,100,"","","","","","","",,,,,,,,,,,,,,,,,,,,,,,,,,,,,,,,,,,,,,,,,,,,,,,,,,,,,,,,,,,,,,,,,,,,,,,,,,,,0,0,0,0,0,0,0,0,0,0,10,0,0,0,10,0,10,10,0,0,0,0,0,10,0,0,0,0,0,0,0,0,0,0,0,0,10,0,0,10,0,0,0,0,0,0,10,10
"cpv anlage",,,,,"Germany","",,,,"","","","","","","",,,,,,,,,,,,,,,,,,,,,,,,,,,,,,,,,,,,,,,,,,,,,,,,,,,,,,,,,,,,,,,,,,,,,,,,,,,,,,,,,,,,,,,,,,,,,,,,,,,,,,,,,,,,,,,,,,,,,,,,,,,
"cpv firma",,,,,"Germany","",,,,"","","","","","","",,,,,,,,,,,,,,,,,,,,,,,,,,,,,,,,,,,,,,,,,,,,,,,,,,,,,,,,,,,,,,,,,,,,,,,,,,,,,,,,,,,,,,,,,,,,,,,,,,,,,,,,,,,,,,,,,,,,,,,,,,,
"cpv net",,,,,"Germany","",,,,"","","","","","","",,,,,,,,,,,,,,,,,,,,,,,,,,,,,,,,,,,,,,,,,,,,,,,,,,,,,,,,,,,,,,,,,,,,,,,,,,,,,,,,,,,,,,,,,,,,,,,,,,,,,,,,,,,,,,,,,,,,,,,,,,,
"cpv analyse",,,,,"Germany","",,,,"","","","","","","",,,,,,,,,,,,,,,,,,,,,,,,,,,,,,,,,,,,,,,,,,,,,,,,,,,,,,,,,,,,,,,,,,,,,,,,,,,,,,,,,,,,,,,,,,,,,,,,,,,,,,,,,,,,,,,,,,,,,,,,,,,
"cpv dienstleistungen",,,,,"Germany","",,,,"","","","","","","",,,,,,,,,,,,,,,,,,,,,,,,,,,,,,,,,,,,,,,,,,,,,,,,,,,,,,,,,,,,,,,,,,,,,,,,,,,,,,,,,,,,,,,,,,,,,,,,,,,,,,,,,,,,,,,,,,,,,,,,,,,
"dpv abonnement",10,10,10,10,"Germany","",,,100,"","","","","","","",,,,,,,,,,,,,,,,,,,,,,,,,,,,,,,,,,,,,,,,,,,,,,,,,,,,,,,,,,,,,,,,,,,,,,,,,,,,0,10,10,10,10,10,10,10,10,10,10,10,0,10,10,0,10,10,10,10,10,10,10,0,10,10,10,10,0,10,10,10,0,10,10,10,0,0,10,10,10,10,10,10,10,10,10,0
"dpv angebot",,,,,"Germany","",,,,"","","","","","","",,,,,,,,,,,,,,,,,,,,,,,,,,,,,,,,,,,,,,,,,,,,,,,,,,,,,,,,,,,,,,,,,,,,,,,,,,,,,,,,,,,,,,,,,,,,,,,,,,,,,,,,,,,,,,,,,,,,,,,,,,,
"dpv anlage",,,,,"Germany","",,,,"","","","","","","",,,,,,,,,,,,,,,,,,,,,,,,,,,,,,,,,,,,,,,,,,,,,,,,,,,,,,,,,,,,,,,,,,,,,,,,,,,,,,,,,,,,,,,,,,,,,,,,,,,,,,,,,,,,,,,,,,,,,,,,,,,
"dpv abo",30,20,30,30,"Germany","1.22",21,,-59,"","","","","20","30","40",40,30,30,30,20,30,20,10,40,,,,,,,,,,,,,,,,,,,,,,,,30,40,40,50,50,30,30,30,20,20,20,20,20,20,30,40,30,,,,,30,40,20,20,30,30,50,40,40,50,30,30,40,10,20,20,30,30,,,,,30,40,50,50,70,50,70,70,50,40,40,40,40,90,70,40,30,40,50,70,40,70,50,50,70,70,70,70,110,110,90,70,110,90,110,70,90,30,20,20,20,20,20,30,40,30,50,30
"dpv abofalle",,,,,"Germany","",,,,"","","","","","","",,,,,,,,,,,,,,,,,,,,,,,,,,,,,,,,,,,,,,,,,,,,,,,,,,,,,,,,,,,,,,,,,,,,,,,,,,,,,,,,,,,,,,,,,,,,,,,,,,,,,,,,,,,,,,,,,,,,,,,,,,,
"pv anbieter österreich",10,10,10,10,"Germany","3.58",25,,0,"","","","","","","",,,,,,,,,,,,,,,,,,,,,,,,,,,,,,,,,,,,,,,,,,,,,,,,,,,,,,,,,,,,,,,,,,,,,,,,,,,,10,10,10,10,10,0,0,10,10,10,0,10,0,0,10,10,0,10,10,0,0,0,10,10,10,10,10,10,10,10,10,10,10,10,10,10,10,10,10,0,10,0,10,10,10,10,10,20